City,Lat,Lon,Max Temp,Humidity,Cloudiness,Wind Speed,Country,Date
Nuuk,64.1835,-51.7216,6.0,49,3,6.17,GL,1614923768
Tinaquillo,9.9186,-68.3047,20.64,85,50,2.35,VE,1614923768
Morón,-34.6534,-58.6198,22.74,94,4,0.89,AR,1614923769
Soyo,-6.1349,12.3689,26.84,88,85,1.27,AO,1614923649
Fairbanks,64.8378,-147.7164,-19.15,84,1,2.21,US,1614923770
Madang,-5.2246,145.7966,31.99,60,100,2.83,PG,1614923772
New Norfolk,-42.7826,147.0587,13.85,44,75,10.29,AU,1614923773
Tshikapa,-6.4167,20.8,22.23,92,90,1.04,CD,1614923774
Lethem,3.3803,-59.7968,24.72,78,67,4.68,GY,1614923775
Mossamedes,-15.1961,12.1522,23.57,82,26,1.46,AO,1614923775
Yabēlo,4.8833,38.0833,21.44,48,52,8.66,ET,1614923777
Hambantota,6.1241,81.1185,31.0,62,40,4.63,LK,1614923778
Saint Paul Harbor,57.79,-152.4072,1.0,69,1,5.66,US,1614923778
Kapaa,22.0752,-159.319,19.25,94,90,10.8,US,1614923780
Ushuaia,-54.8,-68.3,14.0,30,90,8.75,AR,1614923781
Hobart,-42.8794,147.3294,14.11,44,75,10.29,AU,1614923782
Cayenne,4.9333,-52.3333,25.65,88,75,1.54,GF,1614923783
Mataura,-46.1927,168.8643,15.0,79,100,2.24,NZ,1614923784
Port Alfred,-33.5906,26.891,21.11,85,12,1.34,ZA,1614923784
Viedma,-40.8135,-62.9967,16.56,68,100,2.95,AR,1614923785
Bambous Virieux,-20.3428,57.7575,28.42,74,40,1.54,MU,1614923787
Cockburn Town,21.4612,-71.1419,25.22,74,0,1.67,TC,1614923788
Gijang,35.2442,129.2139,18.0,48,75,4.12,KR,1614923788
Mahébourg,-20.4081,57.7,28.0,74,40,1.54,MU,1614923789
Moanda,-1.5575,13.2178,24.0,94,20,1.07,GA,1614923789
Rikitea,-23.1203,-134.9692,27.48,81,13,2.8,PF,1614923790
Canatlán,24.5167,-104.7833,14.74,34,89,2.27,MX,1614923791
Antofagasta,-23.65,-70.4,19.0,82,0,0.51,CL,1614923764
Lundazi,-12.2929,33.1782,20.16,89,87,2.48,ZM,1614923791
São Filipe,14.8961,-24.4956,20.94,76,99,4.16,CV,1614923792
Hirado,33.3597,129.5531,15.34,77,75,6.17,JP,1614923794
Castro,-24.7911,-50.0119,17.91,94,100,3.81,BR,1614923795
Chaumont,48.1167,5.1333,4.44,92,93,0.45,FR,1614923721
Teya,60.3778,92.6267,-3.47,93,100,5.07,RU,1614923796
Upernavik,72.7868,-56.1549,-25.78,81,4,7.29,GL,1614923797
Puerto Ayora,-0.7393,-90.3518,22.78,98,73,1.96,EC,1614923798
Lüderitz,-26.6481,15.1594,20.17,55,0,4.68,NA,1614923798
Tasiilaq,65.6145,-37.6368,1.0,93,75,0.51,GL,1614923799
Mayumba,-3.432,10.6554,25.92,87,92,1.98,GA,1614923801
Bethel,41.3712,-73.414,-5.04,56,3,1.34,US,1614923801
Kirakira,-10.4544,161.9205,27.57,79,100,5.21,SB,1614923802
Barrow,71.2906,-156.7887,-28.0,63,90,11.83,US,1614923802
Cape Town,-33.9258,18.4232,17.37,77,0,1.03,ZA,1614923804
Barinas,8.6226,-70.2075,26.14,49,70,1.5,VE,1614923804
Sistranda,63.7256,8.834,1.0,86,75,3.6,NO,1614923805
Leh,34.1667,77.5833,-7.36,74,1,1.06,IN,1614923806
Miramar,25.9873,-80.2323,16.83,88,1,2.06,US,1614923807
Ixtapa,20.7,-105.2,20.56,89,44,1.34,MX,1614923807
Carnarvon,-24.8667,113.6333,28.0,65,20,6.17,AU,1614923807
Chui,-33.6971,-53.4616,20.85,92,66,2.67,UY,1614923809
Kahului,20.8947,-156.47,19.33,64,20,4.12,US,1614923810
Bluff,-46.6,168.3333,15.0,79,100,2.24,NZ,1614923811
Porto Torres,40.835,8.3972,9.0,87,20,2.57,IT,1614923812
Kiryat Gat,31.61,34.7642,11.67,100,6,2.83,IL,1614923683
Erzin,36.9559,36.2,11.67,68,0,2.24,TR,1614923813
Beringovskiy,63.05,179.3167,-22.69,85,69,3.14,RU,1614923815
Nikolskoye,59.7035,30.7861,-7.15,86,20,5.0,RU,1614923815
Chokurdakh,70.6333,147.9167,-21.46,91,100,9.77,RU,1614923817
Mount Gambier,-37.8333,140.7667,19.0,45,30,8.23,AU,1614923817
Dikson,73.5069,80.5464,-31.55,81,25,6.78,RU,1614923818
Qaanaaq,77.484,-69.3632,-30.78,61,0,1.94,GL,1614923819
Taoudenni,22.6783,-3.9836,17.41,28,0,4.52,ML,1614923821
St. George's,12.0564,-61.7485,25.0,94,40,5.14,GD,1614923822
Aldan,58.6031,125.3894,-24.78,86,100,4.2,RU,1614923823
Jamestown,42.097,-79.2353,-8.33,90,90,5.25,US,1614923825
Lebu,-37.6167,-73.65,14.18,86,0,6.41,CL,1614923826
Mar del Plata,-38.0023,-57.5575,17.03,94,90,5.14,AR,1614923667
Deputatsky,69.3,139.9,-29.77,84,100,6.95,RU,1614923826
Souillac,-20.5167,57.5167,28.0,74,40,1.54,MU,1614923828
Cidreira,-30.1811,-50.2056,22.23,91,100,3.93,BR,1614923829
Olafsvik,64.8945,-23.7142,4.72,88,100,7.0,IS,1614923830
Kieta,-6.2167,155.6333,28.79,73,90,3.98,PG,1614923831
Busselton,-33.65,115.3333,23.12,88,58,0.45,AU,1614923832
Kavaratti,10.5669,72.642,28.58,58,18,3.77,IN,1614923834
Havelock,34.8791,-76.9013,6.56,93,1,1.54,US,1614923835
Bairiki Village,1.3292,172.9752,29.0,70,20,5.66,KI,1614923835
Thompson,55.7435,-97.8558,-9.0,86,20,4.12,CA,1614923835
Pangnirtung,66.1451,-65.7125,-11.15,78,100,2.44,CA,1614923837
Naze,28.3667,129.4833,22.0,53,40,6.17,JP,1614923691
Rocha,-34.4833,-54.3333,18.98,94,43,1.75,UY,1614923838
Elizabeth City,36.2946,-76.2511,4.6,53,1,6.17,US,1614923840
Punta Arenas,-53.15,-70.9167,14.0,38,90,10.29,CL,1614923840
Narok,-1.0783,35.8601,19.78,64,67,1.7,KE,1614923841
Omboué,-1.5746,9.2618,25.86,87,97,1.3,GA,1614923843
High Level,58.5169,-117.136,-6.0,79,75,4.63,CA,1614923843
Atuona,-9.8,-139.0333,26.59,75,14,6.42,PF,1614923845
Pevek,69.7008,170.3133,-19.21,87,100,4.86,RU,1614923846
Bandarbeyla,9.4942,50.8122,26.33,63,68,6.75,SO,1614923847
Butaritari,3.0707,172.7902,27.49,78,100,8.01,KI,1614923849
Bengkulu,-3.8004,102.2655,29.95,68,21,4.15,ID,1614923850
Cap Malheureux,-19.9842,57.6142,28.89,68,23,1.34,MU,1614923851
Fortuna,40.5982,-124.1573,11.81,53,63,0.89,US,1614923852
Kichmengskiy Gorodok,59.9816,45.7854,-11.89,94,100,2.75,RU,1614923853
Katsuura,35.1333,140.3,15.46,55,75,2.57,JP,1614923855
Airai,-8.9266,125.4092,21.93,89,68,0.67,TL,1614923856
Cedar City,37.6775,-113.0619,2.47,55,1,2.06,US,1614923634
Kutum,14.2,24.6667,13.86,34,14,2.1,SD,1614923857
Nara,34.6851,135.8049,13.55,88,75,3.09,JP,1614923858
Kloulklubed,7.0419,134.2556,28.0,78,75,4.63,PW,1614923859
Khandyga,62.6667,135.6,-29.7,81,92,0.94,RU,1614923859
Tuktoyaktuk,69.4541,-133.0374,-25.0,77,1,7.72,CA,1614923860
Luang Prabang,19.8856,102.1347,29.0,58,20,3.09,LA,1614923726
Torbay,47.6666,-52.7314,-1.33,86,90,5.14,CA,1614923860
Leningradskiy,69.3833,178.4167,-18.3,91,100,5.88,RU,1614923861
Saint George,37.1041,-113.5841,9.51,40,1,0.5,US,1614923862
Vaini,-21.2,-175.2,28.0,69,75,2.06,TO,1614923863
Hualmay,-11.0964,-77.6139,22.44,76,98,2.02,PE,1614923863
Vilhena,-12.7406,-60.1458,20.63,97,98,0.75,BR,1614923863
Estelle,29.8458,-90.1067,11.53,100,75,1.54,US,1614923865
Ponta do Sol,32.6667,-17.1,11.86,65,61,0.89,PT,1614923866
Manbij,36.5281,37.9549,9.0,43,0,5.14,SY,1614923867
Nome,64.5011,-165.4064,-12.13,85,90,6.69,US,1614923869
Piteå,65.3172,21.4794,-11.0,73,0,4.12,SE,1614923870
Vardø,70.3705,31.1107,-9.0,86,20,6.17,NO,1614923870
Labuhan,-6.8844,112.2051,28.73,71,99,2.72,ID,1614923871
Hilo,19.7297,-155.09,19.08,64,40,2.06,US,1614923872
Hamilton,39.1834,-84.5333,-2.16,64,1,2.06,US,1614923580
Vila,42.0304,-8.1588,8.33,89,93,2.24,PT,1614923873
Russell,32.3502,-85.1999,10.13,81,1,2.05,US,1614923874
Dawson,31.7735,-84.4466,9.47,81,1,2.72,US,1614923875
Morrinhos,-17.7311,-49.0994,18.7,91,89,0.84,BR,1614923877
Port Lincoln,-34.7333,135.8667,20.5,64,37,5.58,AU,1614923878
São Sebastião,-23.76,-45.4097,25.64,70,100,1.37,BR,1614923879
Fallon,39.4735,-118.7774,4.74,45,20,2.57,US,1614923879
Gravdal,68.1214,13.5031,-4.0,86,40,1.54,NO,1614923881
Sirte,31.2089,16.5887,13.13,45,30,6.79,LY,1614923882
Saint-Philippe,-21.3585,55.7679,26.84,70,0,3.09,RE,1614923882
Villanueva,15.3167,-88.0,23.33,87,7,0.8,HN,1614923883
Woodstock,43.1334,-80.7497,-8.43,73,0,2.06,CA,1614923884
Muros,42.7762,-9.0603,9.83,84,79,0.45,ES,1614923885
Iqaluit,63.7506,-68.5145,-12.0,72,75,9.77,CA,1614924342
Hermanus,-34.4187,19.2345,17.22,72,7,0.45,ZA,1614923886
Hervey Bay,-25.2986,152.8535,28.33,54,9,2.68,AU,1614923887
Tual,-5.6667,132.75,28.57,77,37,5.89,ID,1614923888
Bathsheba,13.2167,-59.5167,25.0,73,20,9.26,BB,1614923890
Belmonte,-15.8631,-38.8828,20.0,94,20,1.03,BR,1614923891
Avarua,-21.2078,-159.775,27.0,83,100,0.51,CK,1614923892
Wanning,18.8003,110.3967,26.65,71,2,4.55,CN,1614923892
Najrān,17.4924,44.1277,21.0,24,0,1.44,SA,1614923851
Faanui,-16.4833,-151.75,28.83,72,100,3.14,PF,1614923894
Mehamn,71.0357,27.8492,-5.0,86,40,3.09,NO,1614923894
Khatanga,71.9667,102.5,-28.21,81,15,5.36,RU,1614923895
Ancud,-41.8697,-73.8203,10.52,93,0,2.57,CL,1614923896
Stilfontein,-26.8449,26.7683,21.94,41,56,0.77,ZA,1614923897
Shirokiy,49.758,129.523,-19.63,85,31,8.53,RU,1614923897
Tabivere,58.5542,26.5956,-5.58,86,40,3.09,EE,1614923897
Whitehorse,60.7161,-135.0538,-9.64,79,1,2.06,CA,1614923898
Kaitangata,-46.2817,169.8464,12.51,94,100,2.32,NZ,1614923900
Haines Junction,60.7522,-137.5108,-17.0,92,77,0.51,CA,1614923901
Mana,5.6592,-53.7767,25.02,86,100,4.26,GF,1614923901
Lata,40.1629,-8.3327,10.72,90,100,2.68,PT,1614923902
Severo-Kuril'sk,50.6789,156.125,1.04,90,98,9.13,RU,1614923903
Donji Vakuf,44.1436,17.4,-3.33,87,43,3.13,BA,1614923904
Norrtälje,59.758,18.705,-3.14,83,8,2.68,SE,1614923904
Camabatela,-8.1881,15.375,18.61,95,93,0.42,AO,1614923906
Genhe,50.7833,121.5167,-16.85,83,20,4.27,CN,1614923906
Sonepur,20.8333,83.9167,36.31,11,9,3.74,IN,1614923908
Middle Island,40.8843,-72.9373,-3.11,43,1,9.26,US,1614923908
Malanville,11.8685,3.3899,22.72,19,48,3.49,BJ,1614923910
College,64.8569,-147.8028,-19.19,84,20,3.09,US,1614923911
Korla,41.7597,86.1469,9.87,46,35,3.81,CN,1614923911
George Town,5.4112,100.3354,31.45,66,40,3.6,MY,1614923912
San Luis,-33.295,-66.3356,22.07,49,0,5.19,AR,1614923833
Myitkyina,25.3833,97.4,30.68,25,12,1.71,MM,1614923914
Provideniya,64.3833,-173.3,-13.0,85,40,2.0,RU,1614923914
Sambava,-14.2667,50.1667,28.15,70,76,1.06,MG,1614923916
Faya,18.3851,42.4509,14.99,54,0,2.06,SA,1614923917
Nanortalik,60.1432,-45.2371,-0.28,98,100,2.42,GL,1614923918
Tumpat,6.1978,102.171,30.0,70,40,6.17,MY,1614923919
Dīglūr,18.55,77.6,34.86,10,9,2.12,IN,1614923765
Pāvugada,14.1,77.2667,29.87,13,23,3.79,IN,1614923920
Grindavik,63.8424,-22.4338,4.0,87,75,4.12,IS,1614923920
Arraial do Cabo,-22.9661,-42.0278,24.6,85,99,6.42,BR,1614923921
Nishifukuma,33.7667,130.4667,13.91,82,75,4.12,JP,1614923923
Moose Factory,51.2585,-80.6094,-16.51,55,75,8.23,CA,1614923924
Uddevalla,58.3478,11.9424,-1.09,80,0,3.09,SE,1614923924
Virden,39.5009,-89.7679,-0.39,81,0,0.45,US,1614923925
Aykhal,66.0,111.5,-25.0,86,72,5.31,RU,1614923925
Xichang,27.8964,102.2634,18.99,39,70,2.22,CN,1614923926
Patzicía,14.6317,-90.9269,14.05,67,0,6.17,GT,1614923926
Albany,42.6001,-73.9662,-7.7,38,90,9.77,US,1614923908
Constitución,-35.3333,-72.4167,16.12,73,0,3.74,CL,1614923928
Havre-St-Pierre,50.2334,-63.5986,-8.0,86,90,4.63,CA,1614923929
Dunyapur,29.7995,71.7196,26.0,41,0,2.06,PK,1614923929
Portland,45.5234,-122.6762,8.26,87,90,3.09,US,1614923915
Marsh Harbour,26.5412,-77.0636,21.73,74,4,3.79,BS,1614923930
Buraidah,26.326,43.975,12.0,62,0,3.09,SA,1614923930
Cardston,49.2,-113.3019,5.19,36,50,3.6,CA,1614923672
San Vicente,-26.6167,-54.1333,17.65,100,3,0.65,AR,1614923932
Port Macquarie,-31.4333,152.9167,23.0,73,75,9.26,AU,1614923932
Hithadhoo,-0.6,73.0833,29.11,60,7,3.4,MV,1614923821
Tigzirt,36.8886,4.1198,10.97,81,0,1.05,DZ,1614923932
Dingle,10.9995,122.6711,30.05,64,26,6.68,PH,1614923933
Ribeira Grande,38.5167,-28.7,14.13,70,69,3.36,PT,1614923934
Morant Bay,17.8815,-76.4093,23.21,73,20,1.03,JM,1614923934
Isla Vista,34.4133,-119.861,8.53,87,1,1.54,US,1614923936
Klaksvík,62.2266,-6.589,4.0,70,90,6.17,FO,1614923937
East London,-33.0153,27.9116,21.0,73,0,5.14,ZA,1614923938
Streator,41.1209,-88.8354,-1.92,86,1,3.09,US,1614923940
Borovichi,58.3878,33.9155,-6.55,95,95,3.46,RU,1614923941
Fare,-16.7,-151.0167,28.45,71,99,0.53,PF,1614923941
Uauá,-9.8414,-39.4817,20.84,78,10,4.97,BR,1614923942
Sofiyivka,48.0493,33.8746,1.83,100,90,3.0,UA,1614923944
Riviere-au-Renard,48.9957,-64.3971,-9.0,67,1,4.63,CA,1614923945
Yulara,-25.2406,130.9889,36.0,12,27,3.09,AU,1614923946
Port Elizabeth,-33.918,25.5701,18.0,88,0,3.09,ZA,1614923948
Shawinigan,46.5668,-72.7491,-10.46,48,100,3.6,CA,1614923949
Oriximiná,-1.7656,-55.8661,23.0,91,99,1.2,BR,1614923950
Alekseyevskaya,50.2896,42.1845,3.33,84,100,2.24,RU,1614923950
Aranos,-24.1333,19.1167,23.34,34,33,3.15,NA,1614923951
Henties Bay,-22.116,14.2845,21.89,61,37,1.72,NA,1614923953
Xining,36.6167,101.7667,5.18,47,100,2.49,CN,1614923954
Barra de Tecoanapa,16.5167,-98.75,22.21,81,0,2.07,MX,1614923954
Mérida,20.9667,-89.6167,22.11,83,1,2.57,MX,1614923955
Ol'ga,43.7444,135.2892,8.51,54,99,6.09,RU,1614923957
Shenjiamen,29.9576,122.298,11.61,80,97,3.72,CN,1614923958
Bredasdorp,-34.5322,20.0403,13.0,88,0,1.45,ZA,1614923959
Kalmunai,7.4167,81.8167,28.11,70,37,5.11,LK,1614923961
Magadan,59.5667,150.8,-23.76,86,63,1.76,RU,1614923765
Kasongo-Lunda,-6.4667,16.8167,21.99,91,95,0.58,CD,1614923962
Kantang,7.4054,99.5156,34.22,49,40,2.57,TH,1614923964
San Patricio,28.017,-97.5169,17.85,88,90,5.14,US,1614923964
Salinópolis,-0.6136,-47.3561,25.63,84,87,2.93,BR,1614923965
Aklavik,68.2191,-135.0107,-25.53,84,45,3.09,CA,1614923965
Talnakh,69.4865,88.3972,-19.58,89,95,3.63,RU,1614923966
Esso,55.9333,158.7,-14.81,85,36,1.72,RU,1614923967
Diego de Almagro,-26.3667,-70.05,13.77,66,0,0.36,CL,1614923968
Astoria,46.1879,-123.8313,9.0,93,90,3.09,US,1614923969
Biltine,14.5333,20.9167,20.86,22,51,7.9,TD,1614923970
Eydhafushi,5.1033,73.0708,27.83,74,4,7.05,MV,1614923972
Ilulissat,69.2167,-51.1,-7.0,73,76,4.63,GL,1614923973
Namtsy,62.7161,129.6658,-26.0,58,0,6.0,RU,1614923975
Shīeli,44.1667,66.75,2.95,73,0,2.86,KZ,1614923975
Fougamou,-1.2154,10.5838,23.88,92,90,0.35,GA,1614923975
Sola,-13.8833,167.55,28.0,83,90,5.51,VU,1614923975
Longyearbyen,78.2186,15.6401,-12.0,72,75,11.32,SJ,1614923977
Nizwá,22.9333,57.5333,31.76,16,0,1.49,OM,1614923977
Bara,10.3744,10.7288,21.84,21,0,3.38,NG,1614923978
Bogale,16.2833,95.4,36.86,21,2,2.86,MM,1614923979
Baringo,0.4667,35.9667,25.83,45,17,3.1,KE,1614923981
Maragogi,-9.0122,-35.2225,24.86,88,7,3.45,BR,1614923982
Khanpur,28.6453,70.6567,31.25,11,0,1.31,PK,1614923947
Meulaboh,4.1363,96.1285,29.1,74,26,2.65,ID,1614923984
Balaipungut,1.05,101.2833,31.0,58,75,1.74,ID,1614923984
Serrana,-21.2114,-47.5956,22.0,88,0,1.18,BR,1614923985
Simao,22.7886,100.9748,25.84,17,0,5.74,CN,1614923986
Kerema,-7.9631,145.7785,28.5,72,100,3.65,PG,1614923986
Toba,34.4833,136.85,14.27,88,75,1.54,JP,1614923987
Gigmoto,13.7796,124.39,28.2,69,29,5.5,PH,1614923989
Los Llanos de Aridane,28.6585,-17.9182,17.0,72,0,1.54,ES,1614923990
Vila Franca do Campo,37.7167,-25.4333,13.0,76,20,5.66,PT,1614923992
Gao,16.6362,1.637,22.51,18,32,6.65,ML,1614923993
Clearlake,38.9582,-122.6264,5.32,67,31,0.72,US,1614923958
Kāvali,14.9167,79.9833,31.27,30,4,2.61,IN,1614923994
Bokoro,12.3807,17.0568,21.5,21,0,5.11,TD,1614923995
Sitka,57.0531,-135.33,5.0,70,90,3.12,US,1614923996
Ormstown,45.1334,-73.9992,-9.15,41,100,5.14,CA,1614923996
Yellowknife,62.456,-114.3525,-17.42,71,90,6.69,CA,1614923997
Guerrero Negro,27.9769,-114.0611,15.05,75,97,4.89,MX,1614923999
Klyuchi,52.2667,79.1667,-3.59,93,68,8.79,RU,1614924000
Bud,39.447,-86.1758,-1.29,82,0,3.43,US,1614924001
Lompoc,34.6391,-120.4579,7.2,87,20,1.54,US,1614924004
Tiksi,71.6872,128.8694,-28.44,87,98,2.23,RU,1614924349
Ketchikan,55.3422,-131.6461,6.0,75,90,14.92,US,1614924350
Quatre Cocos,-20.2078,57.7625,28.17,74,40,1.54,MU,1614924350
Roebourne,-20.7833,117.1333,34.15,33,36,5.59,AU,1614924350
Flinders,-34.5833,150.8552,21.67,58,20,0.89,AU,1614924352
Río Gallegos,-51.6226,-69.2181,12.0,82,0,2.06,AR,1614924352
Paraíso,9.8383,-83.8656,17.05,72,0,5.66,CR,1614924353
Safi,32.2994,-9.2372,14.41,77,77,3.48,MA,1614924355
Vostok,46.4856,135.8833,-9.06,97,100,6.87,RU,1614924356
Sampit,-2.5333,112.95,34.01,49,100,0.66,ID,1614924356
Tuatapere,-46.1333,167.6833,15.0,75,83,1.79,NZ,1614924356
Yar-Sale,66.8333,70.8333,-11.53,96,98,2.83,RU,1614924356
Longhua,23.6137,114.1919,20.35,82,100,0.56,CN,1614924358
Alvorada,-12.48,-49.1247,20.92,95,42,1.47,BR,1614924358
Srednekolymsk,67.45,153.6833,-22.29,88,100,8.75,RU,1614924359
Strezhevoy,60.7333,77.5889,-5.0,86,90,2.0,RU,1614924361
Ostrovnoy,68.0531,39.5131,-10.33,94,100,3.01,RU,1614924362
Porto Empedocle,37.2934,13.5264,8.3,87,100,3.43,IT,1614924362
Chiang Rai,19.9167,99.9167,32.83,35,64,2.57,TH,1614924362
Abu Dhabi,24.4667,54.3667,31.44,22,0,2.57,AE,1614924364
Cherskiy,68.75,161.3,-24.1,90,100,1.9,RU,1614924365
Am Timan,11.0297,20.2827,22.58,20,61,4.37,TD,1614924366
Port-Cartier,50.0334,-66.8654,-8.96,67,1,1.54,CA,1614924266
Tabou,4.423,-7.3528,25.79,88,71,4.38,CI,1614924367
Erenhot,43.6475,111.9767,-8.09,48,27,4.95,CN,1614924367
Ugoofaaru,5.6667,73.0,27.95,76,4,7.36,MV,1614924368
Ajdabiya,30.7554,20.2263,12.96,46,97,4.79,LY,1614924368
Inta,66.0317,60.1659,-16.55,93,100,2.52,RU,1614924370
Norman Wells,65.282,-126.8329,-16.0,72,40,5.66,CA,1614924370
Port Hardy,50.6996,-127.4199,5.16,93,20,2.57,CA,1614924371
Bajil,15.0584,43.2851,26.09,76,20,1.78,YE,1614924371
Ovsyanka,55.9575,92.5519,1.0,44,0,5.0,RU,1614924371
Kudahuvadhoo,2.6708,72.8944,28.2,71,20,4.25,MV,1614924372
Acarí,-15.4311,-74.6158,23.2,82,97,1.34,PE,1614924372
Madimba,-10.4,40.3333,25.0,94,75,50.42,TZ,1614924372
Bom Jardim,-7.7958,-35.5872,22.0,100,75,2.57,BR,1614924374
Usinsk,65.9939,57.5281,-17.5,93,100,2.25,RU,1614924374
Tessalit,20.1986,1.0114,20.5,21,99,7.14,ML,1614924376
Digby,44.6169,-65.7655,-5.77,73,100,2.57,CA,1614924379
La Ronge,55.1001,-105.2842,0.0,55,70,4.12,CA,1614924380
Jackson,42.4165,-122.8345,9.68,33,1,7.72,US,1614924182
Santa Rita do Passa Quatro,-21.7103,-47.4781,19.28,98,100,1.53,BR,1614924380
Terrenate,19.4833,-97.9167,12.13,43,0,0.46,MX,1614924382
Cabo San Lucas,22.8909,-109.9124,17.96,67,100,0.45,MX,1614924382
Coquimbo,-29.9533,-71.3436,17.0,82,90,0.51,CL,1614924135
Mwinilunga,-11.7358,24.4293,17.93,95,89,1.37,ZM,1614924382
Phanat Nikhom,13.4458,101.1844,33.13,71,20,3.05,TH,1614924383
Araouane,18.9048,-3.5265,19.49,22,36,4.76,ML,1614924385
Porbandar,21.6422,69.6093,30.65,39,0,3.52,IN,1614924385
Mandalgovi,45.7625,106.2708,-5.47,71,0,4.58,MN,1614924386
La Rioja,42.25,-2.5,8.29,100,90,1.03,ES,1614924388
Ullal,12.8,74.85,31.0,42,7,2.06,IN,1614924389
Macapá,0.0389,-51.0664,25.0,100,75,1.03,BR,1614924390
Pergamino,-33.89,-60.5736,19.44,92,6,3.13,AR,1614924392
The Valley,18.217,-63.0578,24.63,83,20,5.14,AI,1614924295
Délegyháza,47.2413,19.0902,6.82,65,0,1.54,HU,1614924393
Micheweni,-4.9667,39.8333,28.28,72,96,6.01,TZ,1614924395
Marabu,4.4148,114.0089,30.0,79,40,4.12,MY,1614924395
Papara,-3.9839,-38.7273,27.11,83,75,5.66,BR,1614924396
Nabire,-3.3667,135.4833,29.86,67,100,3.03,ID,1614924397
Koungou,-12.7336,45.2042,29.0,79,75,7.2,YT,1614924399
Caravelas,-17.7125,-39.2481,22.35,85,43,2.33,BR,1614924399
Zhigansk,66.7697,123.3711,-31.92,81,33,1.05,RU,1614924400
Kununurra,-15.7667,128.7333,37.0,25,0,2.57,AU,1614924301
Yumen,40.2833,97.2,5.95,53,94,4.12,CN,1614924401
Helong,42.5397,128.9972,1.51,80,80,4.47,CN,1614924364
Khagaria,25.5,86.4833,32.73,13,7,4.23,IN,1614924403
San Juan,-31.5375,-68.5364,26.47,39,1,1.08,AR,1614924167
Palmer,42.1584,-72.3287,-5.26,39,20,8.75,US,1614924404
Arrondissement de Rennes,48.1667,-1.6667,6.0,75,90,4.63,FR,1614924127
Kampene,-3.6,26.6667,21.4,95,91,0.93,CD,1614924405
Tura,25.5198,90.2201,29.15,20,0,3.47,IN,1614924406
Sarakhs,36.5449,61.1577,11.0,58,0,3.09,IR,1614924407
Laas,46.6166,10.7002,1.0,100,0,2.57,IT,1614924407
Bubaque,11.2833,-15.8333,24.47,68,5,5.29,GW,1614924408
Goderich,43.7501,-81.7165,-3.0,59,95,7.2,CA,1614924410
Kamenka,51.3223,42.7678,1.67,94,100,5.29,RU,1614924411
Ponta Delgada,37.7333,-25.6667,13.0,76,20,5.66,PT,1614924412
Pisco,-13.7,-76.2167,22.67,78,0,1.54,PE,1614924413
Perote,19.5667,-97.2333,10.26,47,12,1.58,MX,1614924413
Rome,43.2128,-75.4557,-7.09,45,90,6.69,US,1614924415
Umeå,63.8284,20.2597,-10.57,85,0,3.6,SE,1614924416
Sur,22.5667,59.5289,31.46,29,0,1.88,OM,1614924417
Sabana Grande de Boyá,18.945,-69.7933,21.0,94,20,2.06,DO,1614924419
Amurrio,43.05,-3.0,7.76,93,75,1.03,ES,1614924419
Waingapu,-9.6567,120.2641,29.93,74,23,5.94,ID,1614924419
Palu,-0.8917,119.8707,29.0,72,100,1.72,ID,1614924147
Sunndalsøra,62.6754,8.5515,0.0,86,75,4.63,NO,1614924420
Kwinana,-32.25,115.7667,25.42,83,90,7.72,AU,1614924422
Vila Velha,-20.3297,-40.2925,23.84,78,0,3.09,BR,1614924147
Daru,-9.0763,143.2092,31.02,63,88,4.15,PG,1614924423
Presidencia Roque Sáenz Peña,-26.7852,-60.4388,21.11,88,9,0.45,AR,1614924423
Maniitsoq,65.4167,-52.9,-0.73,89,1,1.78,GL,1614924424
Harper,4.375,-7.7169,26.09,87,88,4.69,LR,1614924424
São Gabriel da Cachoeira,-0.1303,-67.0892,22.62,97,88,0.82,BR,1614924424
Esil,51.9556,66.4042,-4.29,97,100,13.85,KZ,1614924426
Ahipara,-35.1667,173.1667,19.65,65,1,3.1,NZ,1614924426
San Jose,37.3394,-121.895,10.03,71,1,1.37,US,1614924426
Province of Mantua,45.1667,10.7833,7.05,86,95,0.89,IT,1614924427
Vangaindrano,-23.35,47.6,27.57,75,74,1.07,MG,1614924363
Zhengjiatun,43.5064,123.5064,-6.17,76,82,7.46,CN,1614924429
Puerto Palomas,31.7667,-107.6167,9.0,40,1,5.14,MX,1614924429
Miles City,46.4083,-105.8406,0.0,69,1,3.09,US,1614924429
Namatanai,-3.6667,152.4333,28.35,79,98,3.56,PG,1614924430
Sawtell,-30.3833,153.1,27.0,50,0,6.69,AU,1614924432
Cache Creek,50.8101,-121.3246,5.67,65,1,6.69,CA,1614924433
Cam Ranh,11.9214,109.1591,29.0,61,20,4.63,VN,1614924434
Roald,62.5833,6.1333,-0.33,80,75,4.63,NO,1614924435
Tamandaré,-8.7597,-35.1047,24.6,87,37,2.96,BR,1614924436
Uray,60.1247,64.7758,-9.3,91,51,1.39,RU,1614924436
Storslett,69.7678,21.0247,-4.0,80,75,2.06,NO,1614924438
Lensk,60.7253,114.9278,-18.31,82,47,4.41,RU,1614924439
Cortes,41.9395,-1.4396,8.67,93,90,1.03,ES,1614924440
Camocim,-2.9022,-40.8411,23.85,89,100,2.45,BR,1614924442
Camargo,27.6667,-105.1667,20.29,23,98,6.21,MX,1614924443
Hasaki,35.7333,140.8333,15.0,67,75,4.12,JP,1614924443
Minggang,32.4586,114.0486,12.7,69,100,1.45,CN,1614924443
Kuito,-12.3833,16.9333,15.45,93,91,1.46,AO,1614924443
Buala,-8.145,159.5921,28.16,74,67,2.46,SB,1614924444
Epiniana,39.1429,21.6134,1.67,19,0,1.7,GR,1614924445
Kisangani,0.5167,25.2,26.28,64,91,1.15,CD,1614924445
Tezu,27.9167,96.1667,27.68,26,90,1.68,IN,1614924446
Arlit,18.7369,7.3853,20.36,22,27,2.87,NE,1614924448
Maracaçumé,-2.0428,-45.9592,22.47,97,100,0.75,BR,1614924448
Carutapera,-1.195,-46.02,23.75,93,67,2.01,BR,1614924450
Kenai,60.5544,-151.2583,-11.08,85,1,3.09,US,1614924413
Kemin,42.7846,75.6892,0.23,93,93,0.85,KG,1614924451
Saurimo,-9.6608,20.3916,18.62,92,99,1.72,AO,1614924451
Nālūt,30.3333,10.85,11.64,42,100,4.79,LY,1614924452
Golden,39.7555,-105.2211,2.18,87,75,2.57,US,1614924454
Hong Kong,22.2855,114.1577,20.07,87,85,1.34,HK,1614924454
Clyde River,70.4692,-68.5914,-30.0,76,1,8.23,CA,1614924455
Vao,-22.6667,167.4833,25.6,63,89,0.6,NC,1614924392
Orodara,10.9492,-4.9342,21.91,23,3,1.24,BF,1614924457
Skjervøy,70.0311,20.9714,-4.0,80,75,2.06,NO,1614924458
Narsaq,60.9167,-46.05,3.0,70,90,7.2,GL,1614924459
Lauf,48.65,8.1333,3.51,87,90,1.54,DE,1614924460
Point Pleasant,40.0832,-74.0682,-1.72,43,1,9.26,US,1614924461
Benjamín Hill,30.1667,-111.1,16.37,61,99,1.34,MX,1614924462
Oranjemund,-28.55,16.4333,16.33,83,0,3.73,NA,1614924463
Tres Arroyos,-38.3739,-60.2798,15.64,74,99,4.34,AR,1614924465
Saskylakh,71.9167,114.0833,-32.87,93,5,3.92,RU,1614924465
Adrar,20.5022,-10.0711,17.93,23,31,4.46,MR,1614924466
Luoyang,34.6836,112.4536,21.11,99,100,1.23,CN,1614924467
Codrington,-38.2667,141.9667,15.3,62,100,6.29,AU,1614924469
Andenes,69.3143,16.1194,-2.69,93,75,4.12,NO,1614924470
Sémbé,1.6481,14.5806,23.35,84,36,1.28,CG,1614924470
Páchni,41.3,24.9,7.16,93,20,1.54,GR,1614924470
Kiama,-34.6833,150.8667,20.95,58,11,0.89,AU,1614924471
Marawi,7.9986,124.2928,28.33,79,77,3.58,PH,1614924472
Griffith,41.5284,-87.4237,-1.33,74,1,1.54,US,1614924473
Hegang,47.4,130.3667,-13.77,55,0,7.62,CN,1614924473
Jumla,29.2747,82.1838,14.22,29,0,2.64,NP,1614924474
Yining,29.0361,114.5636,13.74,85,98,0.59,CN,1614924476
Alofi,-19.0595,-169.9187,28.0,78,100,2.57,NU,1614924477
Kraśnik,50.9236,22.2271,0.39,93,90,2.57,PL,1614924479
Esperance,-33.8667,121.9,23.0,78,75,5.66,AU,1614924480
Maceió,-9.6658,-35.7353,23.0,94,20,0.51,BR,1614924481
Villafranca de los Barros,38.5614,-6.3381,10.56,85,100,1.34,ES,1614924245
Gaya,24.7833,85.0,29.0,32,41,1.54,IN,1614924483
Keffi,8.8486,7.8736,24.0,35,0,2.06,NG,1614924484
Synya,65.3718,58.0387,-18.46,92,99,1.16,RU,1614924485
Yeppoon,-23.1333,150.7333,33.0,33,15,3.6,AU,1614924486
Porvoo,60.3923,25.6651,-7.81,79,0,3.09,FI,1614924487
Collie,-33.3667,116.15,23.89,76,70,4.02,AU,1614924488
Litovko,49.2361,135.1742,-10.4,96,100,4.75,RU,1614924489
Saint-Leu,-21.15,55.2833,26.31,60,51,3.09,RE,1614924491
Amga,60.8953,131.9608,-26.78,84,97,3.44,RU,1614924492
Copiapó,-27.3667,-70.3333,18.0,77,90,3.09,CL,1614924492
Montevideo,-34.8335,-56.1674,20.78,94,75,2.52,UY,1614924494
Road Town,18.4167,-64.6167,24.07,91,0,3.7,VG,1614924494
Mossendjo,-2.9506,12.7261,21.84,96,59,0.39,CG,1614924495
Savinskiy,62.9342,40.1361,-15.49,93,87,2.69,RU,1614924496
Belaya Gora,68.5333,146.4167,-25.41,93,100,12.62,RU,1614924497
Mount Darwin,-16.7725,31.5838,19.92,91,78,0.54,ZW,1614924498
Brewster,41.3973,-73.6171,-5.42,57,0,2.68,US,1614924498
Porto Santo,33.072,-16.3415,16.0,77,40,9.77,PT,1614924498
Māngrol,21.1167,70.1167,30.71,33,0,2.89,IN,1614924499
Grand Gaube,-20.0064,57.6608,28.33,69,22,2.24,MU,1614924501
Dunedin,-45.8742,170.5036,15.0,73,100,3.13,NZ,1614924502
Ust-Maya,60.4167,134.5333,-28.68,83,99,3.43,RU,1614924503
Niltepec,16.5667,-94.6167,23.29,79,5,3.17,MX,1614924505
Yeniseysk,58.4497,92.1703,-1.59,95,100,4.52,RU,1614924506
Launceston,-41.45,147.1667,18.51,32,2,7.72,AU,1614924506
Lagoa,39.05,-27.9833,13.8,66,75,2.48,PT,1614924506
São João da Barra,-21.6403,-41.0511,23.0,94,0,1.03,BR,1614924507
Katobu,-4.9408,122.5276,29.89,69,52,2.06,ID,1614924509
Kumul,42.8,93.45,9.52,41,0,2.79,CN,1614924510
Sobolevo,54.4299,31.8996,-7.23,95,61,2.88,RU,1614924510
Necochea,-38.5473,-58.7368,16.67,74,97,2.68,AR,1614924511
Woodward,36.4337,-99.3904,11.41,71,40,5.66,US,1614924241
Jalu,29.0331,21.5482,11.85,45,93,3.94,LY,1614924513
Xinqing,48.2333,129.5,-17.14,61,10,6.2,CN,1614924513
Lukuledi,-10.5667,38.8,23.01,92,100,3.06,TZ,1614924514
Bayanday,53.0661,105.5139,-9.85,90,2,2.77,RU,1614924516
Blagoveshchenka,52.8333,79.8667,-4.17,81,85,9.3,RU,1614924516
Banes,20.9625,-75.7186,23.0,94,75,1.03,CU,1614924517
Ivnya,51.0629,36.1343,0.0,93,75,4.0,RU,1614924519
Vanimo,-2.6741,141.3028,29.63,66,93,5.75,PG,1614924520
Sault Ste. Marie,46.5168,-84.3333,-6.79,73,1,2.06,CA,1614924463
Laguna,38.421,-121.4238,10.29,58,1,2.57,US,1614924521
Caucayá,-0.1934,-74.7819,21.71,95,46,0.84,CO,1614924522
Ialibu,-6.2821,143.9935,16.76,96,100,1.89,PG,1614924524
Yangi Marg`ilon,40.4272,71.7189,8.0,53,40,6.17,UZ,1614924525
Porto Belo,-27.1578,-48.5531,22.85,100,100,3.76,BR,1614924526
Krasnoarmeysk,51.0239,45.6969,1.67,70,100,3.58,RU,1614924526
Nieuw Amsterdam,5.8833,-55.0833,25.56,90,88,1.34,SR,1614924527
Sítio Novo do Tocantins,-5.5183,-47.4611,24.0,94,40,5.14,BR,1614924528
Tarakan,3.3,117.6333,28.9,63,52,3.84,ID,1614924530
Carroll,39.5501,-77.0164,-2.71,54,1,4.63,US,1614924531
Talcahuano,-36.7167,-73.1167,14.0,94,0,1.54,CL,1614924532
Salalah,17.0151,54.0924,33.0,22,0,0.51,OM,1614924534
Sokoto,13.0609,5.239,22.69,10,1,5.36,NG,1614924534
Lavrentiya,65.5833,-171.0,-16.07,88,94,5.1,RU,1614924535
Isiro,2.7739,27.616,26.19,53,63,0.66,CD,1614924536
Tilichiki,60.4667,166.1,-29.05,84,88,4.64,RU,1614924537
Anadyr,64.75,177.4833,-21.0,84,75,7.0,RU,1614924539
Ust-Nera,64.5667,143.2,-31.25,74,100,3.02,RU,1614924540
Kruisfontein,-34.0033,24.7314,18.33,87,1,0.45,ZA,1614924540
Upata,8.0086,-62.3989,23.89,92,75,0.45,VE,1614924540
Morros,-9.4467,-46.3003,21.77,90,43,0.62,BR,1614924542
Port Antonio,18.18,-76.4612,22.83,73,20,1.03,JM,1614924542
Viljandi,58.3639,25.59,-5.97,86,40,3.6,EE,1614924543
Campbell River,50.0163,-125.2446,5.6,100,90,2.85,CA,1614924543
Siocon,7.7061,122.1353,31.0,57,22,5.39,PH,1614924544
Birjand,32.8663,59.2211,18.0,19,75,7.88,IR,1614924546
Baruun-Urt,46.6806,113.2792,-14.93,78,16,1.23,MN,1614924546
Catacaos,-5.2667,-80.6833,26.73,58,85,3.23,PE,1614924547
Shiyan,32.6475,110.7781,17.92,46,91,2.2,CN,1614924547
Mumford,5.2618,-0.759,26.59,88,22,5.54,GH,1614924548
Burkburnett,34.0979,-98.5706,14.37,51,1,6.17,US,1614924549
Valparaíso,-33.0393,-71.6273,16.11,80,2,0.54,CL,1614924549
Geraldton,-28.7667,114.6,28.0,57,6,6.69,AU,1614924550
Saldanha,-33.0117,17.9442,13.0,82,0,1.03,ZA,1614924551
Padang,-0.9492,100.3543,30.0,74,20,2.06,ID,1614924553
Areal,-22.2306,-43.1056,24.18,69,0,5.66,BR,1614924554
Karratha,-20.7377,116.8463,33.84,33,36,6.17,AU,1614924555
Ambulu,-8.345,113.6058,30.0,59,91,3.25,ID,1614924557
Bayangol,50.6977,103.4656,-6.54,86,6,1.74,RU,1614924557
Greifswald,54.1,13.3833,0.0,87,5,3.48,DE,1614924558
Tautira,-17.7333,-149.15,28.0,74,40,1.54,PF,1614924309
Morristown,36.214,-83.2949,7.0,42,1,1.98,US,1614924560
Honningsvåg,70.9821,25.9704,-4.0,86,90,6.17,NO,1614924560
Kralendijk,12.15,-68.2667,25.0,83,40,4.12,BQ,1614924560
City of San Pedro,14.35,121.0167,32.08,52,20,4.63,PH,1614924303
Shingū,33.7333,135.9833,15.0,77,75,5.66,JP,1614924561
Idrinskoye,54.3708,92.1358,-6.63,92,84,2.36,RU,1614924563
Mangai,-4.05,19.5333,22.11,95,100,1.52,CD,1614924564
Kavieng,-2.5744,150.7967,28.75,78,89,5.47,PG,1614924566
Ulaanbaatar,47.9077,106.8832,-7.0,38,0,3.0,MN,1614924566
Takaka,-40.85,172.8,17.78,71,0,2.68,NZ,1614924567
Antalaha,-14.9003,50.2788,29.76,66,48,0.31,MG,1614924568
Gonbad-e Kāvūs,37.25,55.1672,7.0,87,75,2.41,IR,1614924314
Fortuna Foothills,32.6578,-114.4119,13.29,54,1,1.54,US,1614924570
Turukhansk,65.8167,87.9833,-15.6,90,100,7.31,RU,1614924571
Shahrud,36.4182,54.9763,8.96,50,45,1.71,IR,1614924572
Chegdomyn,51.1167,133.0167,-15.61,75,49,4.02,RU,1614924572
Maridi,4.9158,29.4742,27.97,18,66,4.56,SS,1614924574
Egvekinot,66.3167,-179.1667,-24.68,99,100,3.12,RU,1614924574
Paita,-5.0892,-81.1144,23.87,79,88,2.68,PE,1614924574
Poronaysk,49.2167,143.1167,0.93,96,66,4.98,RU,1614924575
Livingston,55.9029,-3.5226,1.09,75,90,1.54,GB,1614924576
Alanya,36.5438,31.9998,11.0,46,0,3.09,TR,1614924465
Manaus,-3.1019,-60.025,24.02,94,0,1.54,BR,1614924452
Wahiawā,21.5028,-158.0236,21.13,77,1,3.09,US,1614924578
Hobyo,5.3505,48.5268,27.3,64,33,7.88,SO,1614924579
Rockingham,42.9668,-71.0995,-6.73,42,37,2.68,US,1614924581
Mapiripán,2.8892,-72.1256,23.71,67,34,1.14,CO,1614924581
Forsytheganj,52.6333,29.7333,-3.01,95,67,2.46,BY,1614924582
Byron Bay,-28.65,153.6167,28.55,57,40,4.12,AU,1614924582
Vigrestad,58.5667,5.7,-2.02,86,0,2.57,NO,1614924583
Kaoma,-14.7833,24.8,19.4,89,38,1.52,ZM,1614924584
Tigil',57.8,158.6667,-18.49,92,93,3.52,RU,1614924584
Assiut,27.181,31.1837,9.0,76,0,2.57,EG,1614924585
Saint-Augustin,51.226,-58.6502,-4.45,98,100,5.49,CA,1614924586
Camacha,33.0833,-16.3333,16.0,77,40,9.77,PT,1614924587
Llanes,43.4198,-4.7549,9.86,75,25,2.82,ES,1614924588
Kanniyākumāri,8.0833,77.5667,29.99,56,1,7.23,IN,1614924589
Mogadishu,2.0371,45.3438,26.0,69,20,5.14,SO,1614924590
Serenje,-13.2325,30.2352,19.48,89,97,0.4,ZM,1614924592
Harrison,30.4091,-89.0436,8.84,87,1,1.66,US,1614924592
Oddur,4.1213,43.8894,26.04,45,89,8.99,SO,1614924593
Kaka,37.3482,59.6143,12.47,49,14,6.43,TM,1614924593
Sinnamary,5.3833,-52.95,25.22,86,100,4.71,GF,1614924593
Tagusao,9.1924,117.8141,29.25,68,0,4.78,PH,1614924595
Quebrada Larga,14.1,-86.3667,19.0,97,2,0.87,HN,1614924595
Broken Hill,-31.95,141.4333,28.0,28,6,4.63,AU,1614924595
Sheridan,44.8333,-106.9173,-1.07,69,1,1.54,US,1614924595
Treinta y Tres,-33.2333,-54.3833,18.77,97,38,2.99,UY,1614924597
Cabildo,-38.4842,-61.8954,15.56,88,100,0.89,AR,1614924597
Del Rio,29.3627,-100.8968,19.0,63,1,3.09,US,1614924598
Comodoro Rivadavia,-45.8667,-67.5,13.0,94,20,2.57,AR,1614924598
Cuamba,-14.8031,36.5372,22.15,92,91,1.68,MZ,1614924599
Karaton,-6.3424,106.1045,32.83,62,40,5.66,ID,1614924600
Begampur,22.7417,88.2433,30.0,62,19,2.06,IN,1614924601
Margate,51.3813,1.3862,4.2,62,100,0.89,GB,1614924603
Hayden,47.766,-116.7866,2.19,86,1,3.09,US,1614924605
Mungwi,-10.1732,31.3694,18.4,92,99,3.44,ZM,1614924606
Mala Tokmachka,47.5356,35.8929,3.95,93,90,5.0,UA,1614924608
Agadez,19.75,10.25,18.74,24,75,4.06,NE,1614924609
Vestmanna,62.1564,-7.1664,4.0,70,90,6.17,FO,1614924610
Saint-Joseph,-21.3667,55.6167,27.07,70,0,3.09,RE,1614924612
Shitanjing,39.2342,106.3439,6.06,51,98,3.09,CN,1614924613
Vrnjačka Banja,43.6167,20.9,-3.0,93,0,0.51,RS,1614924614
Rovenki,48.0833,39.3776,1.78,90,80,7.83,UA,1614924616
Ustka,54.5805,16.8619,0.94,87,41,4.3,PL,1614924617
Ulladulla,-35.35,150.4667,20.49,46,40,7.2,AU,1614924398
Pontianak,-0.0333,109.3333,32.0,62,75,2.57,ID,1614924618
Auki,-8.7676,160.7034,28.38,75,89,3.19,SB,1614924620
Balabac,7.9868,117.0645,28.98,71,51,7.13,PH,1614924620
Edéia,-17.3383,-49.9314,20.1,91,53,1.35,BR,1614924621
Giyani,-23.3025,30.7187,23.02,59,0,1.46,ZA,1614924621
Redmond,47.674,-122.1215,7.31,94,100,1.79,US,1614924623
Havøysund,70.9963,24.6622,-4.5,86,90,6.17,NO,1614924623
Sovetskiy,61.3614,63.5842,-9.58,95,16,0.37,RU,1614924624
Monte Patria,-30.6919,-70.9467,18.21,91,29,0.35,CL,1614924624
Bintulu,3.1667,113.0333,30.0,74,20,2.06,MY,1614924626
Yerbogachën,61.2767,108.0108,-19.01,94,98,4.44,RU,1614924626
Mizdah,31.4451,12.9801,10.72,44,100,5.22,LY,1614924627
Buchanan,5.8808,-10.0467,26.02,88,97,3.6,LR,1614924628
Saint-Pierre,-21.3393,55.4781,27.25,70,0,3.09,RE,1614924630
Pacific Grove,36.6177,-121.9166,8.77,87,1,2.57,US,1614924631
Mollendo,-17.0231,-72.0147,21.87,79,90,2.31,PE,1614924633
Saint Anthony,45.0205,-93.218,1.0,69,90,1.81,US,1614924633
Manglisi,41.697,44.3845,4.0,65,20,1.03,GE,1614924634
