City,Lat,Lon,Max Temp,Humidity,Cloudiness,Wind Speed,Country,Date,City_ID
Solnechnyy,50.7214,136.6319,0.25,88,0,1.99,RU,1615124318,0
Saldanha,-33.0117,17.9442,71.6,64,100,17.27,ZA,1615124318,1
Cherskiy,68.75,161.3,-20.51,88,93,6.44,RU,1615124318,2
Busselton,-33.65,115.3333,67.24,84,79,1.99,AU,1615124318,3
Punta Arenas,-53.15,-70.9167,42.39,87,75,17.27,CL,1615124318,4
Castro,-24.7911,-50.0119,69.55,87,75,3.22,BR,1615124249,5
Karlshamn,56.1706,14.8619,40.1,38,0,17.27,SE,1615124318,6
Bariloche,-41.1456,-71.3082,62.6,59,40,23.02,AR,1615124319,7
Cape Town,-33.9258,18.4232,66.49,68,75,20.71,ZA,1615124319,8
Mataura,-46.1927,168.8643,51.01,69,85,15.99,NZ,1615124319,9
Rawson,-43.3002,-65.1023,78.64,31,100,20.13,AR,1615124319,10
Albany,42.6001,-73.9662,22.78,41,0,1.01,US,1615124319,11
Ushuaia,-54.8,-68.3,42.8,87,75,16.11,AR,1615124319,12
Andros Town,24.7,-77.7667,73.4,78,40,5.75,BS,1615124319,13
Ternate,0.8,127.4,80.83,79,55,6.93,ID,1615124066,14
Nouadhibou,20.931,-17.0347,77.0,36,0,27.63,MR,1615124320,15
Binday,16.1271,120.4525,75.58,73,30,4.61,PH,1615124320,16
Bambous Virieux,-20.3428,57.7575,83.64,79,75,5.75,MU,1615124320,17
Novoagansk,61.9449,76.6625,7.66,96,99,4.97,RU,1615124320,18
Vaini,-21.2,-175.2,78.8,100,40,5.75,TO,1615124320,19
Carnarvon,-24.8667,113.6333,78.8,100,0,18.41,AU,1615124320,20
Quatre Cocos,-20.2078,57.7625,83.57,79,75,5.75,MU,1615124321,21
Mackay,-21.15,149.2,76.89,73,6,6.91,AU,1615124321,22
Saint-Philippe,-21.3585,55.7679,76.55,89,52,6.91,RE,1615124321,23
Butaritari,3.0707,172.7902,81.01,77,0,10.69,KI,1615124321,24
Saskylakh,71.9167,114.0833,-29.87,84,96,2.66,RU,1615124321,25
Ilulissat,69.2167,-51.1,19.4,86,75,13.8,GL,1615124321,26
Tura,25.5198,90.2201,68.63,33,0,2.91,IN,1615124321,27
Okha,53.5739,142.9478,-6.84,87,0,9.91,RU,1615124321,28
Atuona,-9.8,-139.0333,78.87,73,82,10.54,PF,1615124322,29
Souillac,-20.5167,57.5167,84.2,79,75,5.75,MU,1615124322,30
Puerto Ayora,-0.7393,-90.3518,78.01,97,60,5.97,EC,1615124322,31
Nantucket,41.2835,-70.0995,25.36,68,1,11.5,US,1615124322,32
Paita,-5.0892,-81.1144,78.8,69,0,17.27,PE,1615124322,33
Nadvoitsy,63.8667,34.3167,14.25,95,100,14.41,RU,1615124322,34
Rikitea,-23.1203,-134.9692,79.47,82,100,18.57,PF,1615124322,35
Thompson,55.7435,-97.8558,33.8,75,90,3.44,CA,1615124322,36
Pasni,25.2631,63.471,76.57,64,0,17.63,PK,1615124323,37
Flinders,-34.5833,150.8552,69.42,80,100,1.01,AU,1615124323,38
Mahébourg,-20.4081,57.7,84.2,79,75,5.75,MU,1615124323,39
Yumen,40.2833,97.2,42.26,48,0,1.7,CN,1615124323,40
Avarua,-21.2078,-159.775,80.6,89,40,4.61,CK,1615124323,41
Bluff,-46.6,168.3333,51.01,69,73,15.99,NZ,1615124323,42
Krasnosel'kup,65.7,82.4667,-11.34,89,73,7.87,RU,1615124323,43
Yellowknife,62.456,-114.3525,4.62,78,90,9.22,CA,1615124324,44
Belaya Gora,68.5333,146.4167,-12.78,90,100,8.12,RU,1615124324,45
Katsuura,35.1333,140.3,46.09,61,75,8.05,JP,1615124324,46
Arraial do Cabo,-22.9661,-42.0278,75.97,88,90,9.22,BR,1615124324,47
Goya,-29.14,-59.2626,81.32,32,0,3.65,AR,1615124324,48
Bengkulu,-3.8004,102.2655,77.52,80,99,6.08,ID,1615124324,49
Esperance,-33.8667,121.9,62.6,88,0,6.91,AU,1615124324,50
Port Alfred,-33.5906,26.891,75.0,78,0,4.0,ZA,1615124325,51
Hobart,-42.8794,147.3294,57.4,77,90,5.75,AU,1615124325,52
Neuquén,-38.9516,-68.0591,73.4,49,0,4.61,AR,1615124211,53
Kapaa,22.0752,-159.319,67.06,78,75,18.41,US,1615124140,54
Arrifes,37.7667,-25.7,62.6,88,20,13.8,PT,1615124325,55
San Patricio,28.017,-97.5169,53.28,87,1,8.05,US,1615124325,56
Ponta do Sol,32.6667,-17.1,59.34,59,55,5.99,PT,1615124325,57
Tuatapere,-46.1333,167.6833,51.01,69,67,15.99,NZ,1615124326,58
Mahajanga,-15.7167,46.3167,86.0,74,20,14.97,MG,1615124185,59
Fairbanks,64.8378,-147.7164,-6.27,77,1,2.55,US,1615124127,60
La Rioja,42.25,-2.5,50.54,81,90,2.3,ES,1615124326,61
Homer,59.6425,-151.5483,19.15,79,1,4.97,US,1615124326,62
‘Āhuimanu,21.4447,-157.8378,70.3,73,40,11.5,US,1615124326,63
Tiksi,71.6872,128.8694,-17.57,85,100,7.78,RU,1615124326,64
Ussuriysk,43.7986,131.9508,23.0,86,20,4.47,RU,1615124327,65
Khatanga,71.9667,102.5,-24.81,86,44,9.89,RU,1615124327,66
Norman Wells,65.282,-126.8329,1.4,78,75,16.11,CA,1615124327,67
Chokurdakh,70.6333,147.9167,-12.51,89,100,11.48,RU,1615124327,68
Lorengau,-2.0226,147.2712,81.73,73,99,1.79,PG,1615124327,69
Sidi Ali,36.0998,0.4206,58.8,76,100,11.12,DZ,1615124327,70
Clyde River,70.4692,-68.5914,-27.4,68,1,3.44,CA,1615124327,71
Ciudad Guayana,8.3533,-62.6528,86.9,52,19,9.69,VE,1615124327,72
Khairāgarh,26.95,77.8167,82.67,15,0,1.83,IN,1615124328,73
Yangi Marg`ilon,40.4272,71.7189,53.6,43,75,2.3,UZ,1615124328,74
Tateyama,34.9833,139.8667,46.49,63,100,8.77,JP,1615124328,75
Sobolevo,54.4299,31.8996,29.55,94,100,18.16,RU,1615124328,76
Aksha,50.2814,113.2867,13.14,94,0,1.92,RU,1615124328,77
Leningradskiy,69.3833,178.4167,-18.99,76,99,2.53,RU,1615124328,78
Beidao,34.5686,105.8933,35.01,57,100,3.0,CN,1615124329,79
Rocha,-34.4833,-54.3333,75.51,56,0,4.43,UY,1615124329,80
East London,-33.0153,27.9116,73.4,73,0,16.11,ZA,1615124329,81
Qaanaaq,77.484,-69.3632,-14.96,65,0,4.94,GL,1615124329,82
Province of Trapani,37.8333,12.6667,59.41,48,0,20.71,IT,1615124329,83
Dunedin,-45.8742,170.5036,46.9,78,8,4.0,NZ,1615124330,84
Provincia di Imperia,43.9667,7.7833,55.11,47,0,11.5,IT,1615124330,85
Kloulklubed,7.0419,134.2556,80.6,83,40,5.75,PW,1615124330,86
Andenes,69.3143,16.1194,32.0,55,75,12.66,NO,1615124330,87
Kropotkin,45.4375,40.5756,37.35,68,0,6.08,RU,1615124330,88
Hermanus,-34.4187,19.2345,63.0,92,100,1.01,ZA,1615124331,89
Saint Paul Harbor,57.79,-152.4072,33.8,60,1,5.75,US,1615124331,90
Saint-François,46.4154,3.9054,51.71,62,0,2.3,FR,1615124331,91
Adrar,20.5022,-10.0711,79.88,17,0,13.8,MR,1615124331,92
Bembèrèkè,10.2283,2.6634,106.45,12,0,4.38,BJ,1615124331,93
Liwale,-9.7667,37.9333,78.71,79,100,2.89,TZ,1615124331,94
Jamestown,42.097,-79.2353,18.0,93,40,8.57,US,1615124152,95
New Norfolk,-42.7826,147.0587,57.0,77,90,5.75,AU,1615124331,96
Lagoa,39.05,-27.9833,60.51,94,100,19.48,PT,1615124332,97
Sahuaripa,29.05,-109.2333,56.97,37,0,4.21,MX,1615124332,98
Ōdachō-ōda,35.1833,132.5,43.48,80,100,7.0,JP,1615124332,99
Barrow,71.2906,-156.7887,-18.4,69,1,13.8,US,1615124332,100
Nur-Sultan,51.1801,71.446,32.0,86,90,20.13,KZ,1615124333,101
Padang,-0.9492,100.3543,80.6,83,75,4.61,ID,1615124333,102
Dawson Creek,55.7666,-120.2362,30.2,59,1,2.3,CA,1615124333,103
Port Elizabeth,-33.918,25.5701,75.2,64,0,20.71,ZA,1615124333,104
Rāichūr,16.2,77.3667,79.27,21,0,1.81,IN,1615124334,105
Zdvinsk,54.7021,78.661,12.58,94,100,8.84,RU,1615124334,106
College,64.8569,-147.8028,-6.54,77,75,2.53,US,1615124334,107
Touros,-5.1989,-35.4608,84.2,74,40,8.05,BR,1615124334,108
Araure,9.5601,-69.2148,84.09,62,86,1.88,VE,1615124334,109
Vigia,-0.8583,-48.1417,84.2,74,40,9.22,BR,1615124335,110
Mandalī,33.7499,45.5541,69.85,23,0,13.85,IQ,1615124335,111
Pisco,-13.7,-76.2167,74.1,78,20,4.61,PE,1615124336,112
Muisne,0.6,-80.0333,77.0,100,90,4.61,EC,1615124336,113
Upernavik,72.7868,-56.1549,-14.51,85,100,13.51,GL,1615124336,114
Bud,39.447,-86.1758,30.47,59,1,3.44,US,1615124336,115
Bubaque,11.2833,-15.8333,76.05,62,81,5.66,GW,1615124336,116
Vardø,70.3705,31.1107,23.92,93,99,3.8,NO,1615124336,117
Forsytheganj,52.6333,29.7333,35.31,84,100,20.62,BY,1615124337,118
Severo-Kuril'sk,50.6789,156.125,14.74,91,99,27.98,RU,1615124337,119
Klaksvík,62.2266,-6.589,42.8,100,75,6.91,FO,1615124337,120
Serowe,-22.3833,26.7167,87.35,26,35,9.75,BW,1615124337,121
Hamilton,39.1834,-84.5333,29.26,59,1,4.61,US,1615124142,122
Lavrentiya,65.5833,-171.0,15.37,96,100,7.61,RU,1615124337,123
Torbay,47.6666,-52.7314,31.41,69,90,20.71,CA,1615124338,124
Ganzhou,28.8184,115.4327,46.02,86,15,4.12,CN,1615124338,125
Bilibino,68.0546,166.4372,-29.92,81,99,1.07,RU,1615124338,126
Chintamani,13.4,78.0667,84.74,20,0,6.91,IN,1615124338,127
Bethel,41.3712,-73.414,25.66,54,1,4.76,US,1615124338,128
Pacifica,37.6138,-122.4869,43.88,71,1,3.44,US,1615124338,129
George Town,5.4112,100.3354,80.04,88,40,4.61,MY,1615124161,130
Hofn,64.2539,-15.2082,41.0,75,20,4.45,IS,1615124339,131
Beloha,-25.1667,45.05,80.4,59,22,11.61,MG,1615124339,132
San Cristobal,7.7669,-72.225,77.0,94,75,2.3,VE,1615124339,133
St. George's,12.0564,-61.7485,84.2,70,20,26.46,GD,1615124339,134
Chui,-33.6971,-53.4616,75.81,63,28,4.63,UY,1615124339,135
Kahului,20.8947,-156.47,66.51,78,90,6.91,US,1615124275,136
Lebu,-37.6167,-73.65,65.35,80,45,3.38,CL,1615124339,137
Burnie,-41.0667,145.9167,57.38,91,99,1.99,AU,1615124339,138
Quang Ngai,15.1167,108.8,72.54,89,12,0.56,VN,1615124339,139
Narsaq,60.9167,-46.05,33.8,86,90,3.44,GL,1615124340,140
Grindavik,63.8424,-22.4338,39.2,87,40,10.36,IS,1615124340,141
Hasaki,35.7333,140.8333,43.16,70,75,9.22,JP,1615124340,142
Abhā,18.2164,42.5053,75.09,21,0,6.91,SA,1615124340,143
Maceió,-9.6658,-35.7353,84.2,65,75,8.05,BR,1615124341,144
Batemans Bay,-35.7167,150.1833,58.39,91,40,1.99,AU,1615124341,145
Hong Kong,22.2855,114.1577,66.24,87,47,1.99,HK,1615124108,146
Sortavala,61.7053,30.6918,22.86,97,100,13.87,RU,1615124341,147
Marrakesh,31.6315,-8.0083,59.0,77,75,5.75,MA,1615124341,148
San Quintín,30.4833,-115.95,46.99,3,99,8.99,MX,1615124341,149
Imbituba,-28.24,-48.6703,77.0,78,0,2.3,BR,1615124341,150
Hilo,19.7297,-155.09,63.46,88,75,6.91,US,1615124342,151
Coyhaique,-45.5752,-72.0662,51.8,82,90,4.61,CL,1615124342,152
Pacific Grove,36.6177,-121.9166,41.59,87,1,4.61,US,1615124342,153
Sarkand,45.41,79.9186,30.88,84,100,2.86,KZ,1615124342,154
Geraldton,-28.7667,114.6,77.0,78,0,10.36,AU,1615124051,155
Halifax,44.6453,-63.5724,27.52,64,11,8.05,CA,1615124343,156
Tonantins,-2.8731,-67.8022,84.52,70,78,3.71,BR,1615124343,157
Mar del Plata,-38.0023,-57.5575,72.79,73,0,14.97,AR,1615124343,158
Bundaberg,-24.85,152.35,77.54,65,40,11.5,AU,1615124343,159
Aleksandrov Gay,50.147,48.5704,20.12,94,6,8.3,RU,1615124343,160
Petropavlovsk-Kamchatskiy,53.0452,158.6483,-2.2,55,0,13.42,RU,1615124343,161
‘Ewa Beach,21.3156,-158.0072,69.17,73,1,5.75,US,1615124343,162
Marsh Harbour,26.5412,-77.0636,69.91,74,45,13.62,BS,1615124117,163
Tigil',57.8,158.6667,-16.02,88,95,6.06,RU,1615124344,164
Kwang Binh,17.4833,106.6,70.95,93,92,5.77,VN,1615124344,165
Faya,18.3851,42.4509,75.18,21,3,6.91,SA,1615124344,166
Coquimbo,-29.9533,-71.3436,64.4,82,75,5.75,CL,1615124344,167
Zykovo,55.9519,93.1461,24.8,50,99,17.9,RU,1615124344,168
Iaçu,-12.7672,-40.2117,92.53,38,0,5.14,BR,1615124345,169
Semey,50.4111,80.2275,23.0,86,0,2.24,KZ,1615124345,170
Vila,42.0304,-8.1588,61.0,63,22,11.99,PT,1615124345,171
Mount Gambier,-37.8333,140.7667,59.0,94,90,5.75,AU,1615124345,172
Tilichiki,60.4667,166.1,-15.48,89,100,18.84,RU,1615124345,173
Broken Hill,-31.95,141.4333,73.4,31,75,1.14,AU,1615124346,174
Paamiut,61.994,-49.6678,31.12,98,100,9.64,GL,1615124346,175
Lodwar,3.1191,35.5973,97.81,21,42,16.98,KE,1615124346,176
Te Anau,-45.4167,167.7167,40.12,85,12,0.29,NZ,1615124346,177
São Filipe,14.8961,-24.4956,73.0,70,1,14.27,CV,1615124346,178
Tuktoyaktuk,69.4541,-133.0374,-18.2,89,100,14.23,CA,1615124347,179
Selogiri,-7.7833,110.8667,75.96,89,100,2.13,ID,1615124347,180
Sinop Province,41.7711,34.8709,41.0,65,75,5.75,TR,1615124347,181
Barra Bonita,-22.4947,-48.5581,76.82,88,75,8.05,BR,1615124347,182
Athabasca,54.7169,-113.2854,8.71,92,1,2.3,CA,1615124347,183
Iqaluit,63.7506,-68.5145,-9.2,70,90,17.27,CA,1615124347,184
Bowen,-20.0167,148.2333,73.4,94,0,3.44,AU,1615124347,185
Faanui,-16.4833,-151.75,82.44,70,99,12.03,PF,1615124348,186
Talnakh,69.4865,88.3972,-7.06,90,92,4.47,RU,1615124232,187
Nikolskoye,59.7035,30.7861,22.66,63,20,17.9,RU,1615124348,188
Abhar,36.1468,49.218,46.8,50,17,5.99,IR,1615124348,189
Fortuna,40.5982,-124.1573,42.82,100,90,3.44,US,1615124215,190
Farmington,36.7281,-108.2187,32.0,59,1,8.05,US,1615124348,191
Richards Bay,-28.783,32.0377,78.6,76,98,11.63,ZA,1615124348,192
Hithadhoo,-0.6,73.0833,84.29,67,0,8.81,MV,1615124348,193
Weiser,44.251,-116.9693,30.51,80,90,2.95,US,1615124348,194
Inuvik,68.3499,-133.7218,-22.88,76,30,9.22,CA,1615124349,195
Chumikan,54.7183,135.315,2.98,86,0,23.09,RU,1615124349,196
Kavieng,-2.5744,150.7967,81.82,75,100,6.02,PG,1615124349,197
Menongue,-14.6585,17.691,80.13,42,83,8.39,AO,1615124349,198
Fairview,40.8126,-73.999,29.89,50,1,8.95,US,1615124349,199
Sumbe,-11.2061,13.8437,80.67,69,96,2.46,AO,1615124349,200
Kiruna,67.8557,20.2251,24.8,58,0,13.8,SE,1615124176,201
Marabu,4.4148,114.0089,80.31,89,40,5.75,MY,1615124158,202
Lázaro Cárdenas,17.9583,-102.2,72.75,62,0,5.17,MX,1615124060,203
Caravelas,-17.7125,-39.2481,88.84,54,73,10.58,BR,1615124350,204
Cidreira,-30.1811,-50.2056,76.21,59,0,2.98,BR,1615124350,205
Acaraú,-2.8856,-40.12,86.09,65,55,15.75,BR,1615124350,206
Kirakira,-10.4544,161.9205,79.72,78,100,2.57,SB,1615124351,207
Itaituba,-4.2761,-55.9836,80.6,83,75,4.5,BR,1615124177,208
Tirumullaivāsal,11.2333,79.8333,78.19,83,100,8.23,IN,1615124351,209
Digoin,46.4812,3.9795,52.02,62,0,2.3,FR,1615124351,210
Puerto Peñasco,31.3167,-113.5333,63.88,46,52,5.39,MX,1615124351,211
Ancud,-41.8697,-73.8203,57.13,82,20,6.91,CL,1615124351,212
Bandarbeyla,9.4942,50.8122,78.48,69,0,13.29,SO,1615124351,213
Genhe,50.7833,121.5167,0.43,92,51,2.24,CN,1615124351,214
Kindu,-2.95,25.95,76.03,76,100,4.74,CD,1615124351,215
Airai,-8.9266,125.4092,60.8,100,16,0.89,TL,1615124351,216
Totness,5.8833,-56.3167,81.07,82,27,14.72,SR,1615124352,217
Chengde,40.9725,117.9361,33.62,82,0,2.66,CN,1615124352,218
Diébougou,10.9667,-3.25,104.36,20,65,5.1,BF,1615124352,219
Yulara,-25.2406,130.9889,84.2,34,50,12.66,AU,1615124352,220
Jeypore,18.85,82.5833,75.88,18,0,5.7,IN,1615124352,221
Bredasdorp,-34.5322,20.0403,69.8,64,100,10.36,ZA,1615124353,222
Nikolayevka,53.1257,47.2041,19.65,94,100,14.36,RU,1615124353,223
Pabradė,55.0,25.7833,31.44,80,0,12.66,LT,1615124353,224
Ubaíra,-13.2681,-39.6628,89.37,41,18,4.43,BR,1615124353,225
Eydhafushi,5.1033,73.0708,82.87,69,0,9.69,MV,1615124353,226
Dubbo,-32.25,148.6167,71.6,60,68,11.5,AU,1615124354,227
Outjo,-20.1167,16.15,78.78,38,94,6.82,NA,1615124354,228
Rio Grande,-32.035,-52.0986,75.61,73,40,5.75,BR,1615124354,229
Arlit,18.7369,7.3853,97.9,8,100,4.61,NE,1615124354,230
Roald,62.5833,6.1333,34.41,81,40,9.22,NO,1615124354,231
Hobyo,5.3505,48.5268,80.44,70,0,16.98,SO,1615124354,232
Sednëv,51.6447,31.565,34.3,89,93,17.38,UA,1615124354,233
Pokhara,28.2333,83.9833,63.79,34,26,6.17,NP,1615124232,234
Cabo San Lucas,22.8909,-109.9124,57.79,55,1,2.3,MX,1615124193,235
Ribeira Grande,38.5167,-28.7,60.8,100,40,16.11,PT,1615124354,236
Teya,60.3778,92.6267,15.53,92,100,9.17,RU,1615124355,237
Port Hardy,50.6996,-127.4199,37.69,93,75,2.3,CA,1615124355,238
Dingli,35.8614,14.3822,60.62,72,75,16.11,MT,1615124355,239
Chara,56.9064,118.2631,7.84,83,100,3.44,RU,1615124355,240
Maumere,-8.6199,122.2111,80.31,76,71,1.99,ID,1615124355,241
Bongandanga,1.5,21.05,78.12,80,100,7.92,CD,1615124355,242
Salingogon,13.4346,123.1905,74.08,88,94,5.06,PH,1615124356,243
Dikson,73.5069,80.5464,-19.35,89,100,8.88,RU,1615124356,244
Springdale,36.1867,-94.1288,34.29,93,1,5.08,US,1615124356,245
Anloga,5.7947,0.8973,95.0,52,20,16.11,GH,1615124307,246
Dodola,6.9833,39.1833,71.38,30,89,10.98,ET,1615124356,247
Saint George,37.1041,-113.5841,42.8,31,1,2.91,US,1615124232,248
Esim,4.8699,-2.2405,85.98,69,99,10.11,GH,1615124356,249
Kontagora,10.3999,5.4695,105.82,8,73,4.32,NG,1615124357,250
Acapulco de Juárez,16.8634,-99.8901,71.6,83,20,2.77,MX,1615124357,251
Sopotnica,41.2947,21.155,50.0,46,40,2.3,MK,1615124357,252
Noumea,-22.2763,166.4572,69.8,88,20,3.11,NC,1615124357,253
Gallup,35.5281,-108.7426,21.9,68,1,4.7,US,1615124230,254
Pāsighāt,28.0667,95.3333,68.99,43,29,4.25,IN,1615124357,255
Kondopoga,62.2057,34.2614,19.4,86,75,13.42,RU,1615124357,256
Usinsk,65.9939,57.5281,-19.37,88,2,2.37,RU,1615124357,257
Matara,5.9485,80.5353,79.9,79,100,1.5,LK,1615124358,258
Kangaba,11.9333,-8.4167,100.85,23,100,4.0,ML,1615124358,259
Kon Tum,14.35,108.0,67.17,82,0,3.24,VN,1615124358,260
Torrijos,39.9819,-4.2835,58.8,62,40,4.61,ES,1615124358,261
Ahwa,20.75,73.6833,76.51,19,0,3.85,IN,1615124358,262
Laguna,38.421,-121.4238,38.52,87,1,2.51,US,1615124358,263
Skibbereen,51.55,-9.2667,42.8,70,75,5.75,IE,1615124275,264
Meadow Lake,34.8014,-106.5436,35.2,48,1,6.02,US,1615124358,265
Ayorou,14.7308,0.9174,105.51,7,3,11.07,NE,1615124358,266
Isangel,-19.55,169.2667,75.2,88,20,8.55,VU,1615124359,267
Atlantic City,39.3643,-74.4229,32.94,47,1,9.22,US,1615124171,268
Santiago del Estero,-27.7951,-64.2615,84.56,36,0,8.93,AR,1615124359,269
Voykovo,45.3826,36.4372,37.54,63,0,8.12,UA,1615124359,270
Tarrafal,15.2833,-23.7667,75.2,60,40,31.07,CV,1615124359,271
Altea,38.5989,-0.0514,51.67,93,100,14.65,ES,1615124359,272
Marzuq,14.4,46.4667,78.06,22,49,7.65,YE,1615124359,273
Vostok,46.4856,135.8833,4.1,95,83,4.74,RU,1615124360,274
Comodoro Rivadavia,-45.8667,-67.5,68.0,40,0,9.22,AR,1615124360,275
Makkah al Mukarramah,21.4267,39.8261,87.08,39,0,16.2,SA,1615124360,276
San Miguel de Cozumel,20.5083,-86.9458,75.2,69,1,16.11,MX,1615124360,277
Tasiilaq,65.6145,-37.6368,33.8,93,90,24.16,GL,1615124360,278
Berlevåg,70.8578,29.0864,22.8,90,59,3.44,NO,1615124361,279
Lisala,2.15,21.5167,84.15,57,100,3.11,CD,1615124361,280
Anadyr,64.75,177.4833,-4.0,77,90,6.71,RU,1615124361,281
Karratha,-20.7377,116.8463,82.09,73,0,13.18,AU,1615124361,282
Copiapó,-27.3667,-70.3333,64.4,77,90,5.75,CL,1615124361,283
Sorong,-0.8833,131.25,80.56,77,100,8.16,ID,1615124362,284
Mitsamiouli,-11.3847,43.2844,82.56,75,76,10.98,KM,1615124362,285
Wake Forest,35.9799,-78.5097,36.99,69,1,5.75,US,1615124071,286
Emerald,-23.5333,148.1667,74.66,78,73,6.91,AU,1615124362,287
Ballina,-28.8667,153.5667,70.92,78,90,5.75,AU,1615124362,288
Tubualá,9.5167,-79.0333,72.12,78,20,5.75,PA,1615124363,289
Saint-Joseph,-21.3667,55.6167,76.59,89,65,6.91,RE,1615124363,290
Llata,-9.4167,-76.7833,58.12,55,86,3.0,PE,1615124363,291
Toamasina,-18.1667,49.3833,87.8,70,40,11.5,MG,1615124363,292
Verkhoyansk,67.5447,133.385,-26.19,82,69,2.46,RU,1615124363,293
Torrox,36.7579,-3.9523,55.36,88,100,1.01,ES,1615124364,294
Joshīmath,30.5667,79.5667,50.07,49,100,2.48,IN,1615124364,295
Lewistown,40.5992,-77.5714,29.01,63,1,3.44,US,1615124364,296
Sovetskaya Gavan',48.9723,140.2878,6.44,87,2,7.65,RU,1615124364,297
Hirson,49.9226,4.0826,44.64,65,0,7.0,FR,1615124364,298
Mossamedes,-15.1961,12.1522,87.8,58,20,16.11,AO,1615124364,299
Eluru,16.7,81.1,86.0,66,20,2.3,IN,1615124364,300
Golden,39.7555,-105.2211,40.55,32,100,1.01,US,1615124365,301
Baruun-Urt,46.6806,113.2792,19.78,91,69,8.01,MN,1615124365,302
Kayerkan,69.3497,87.7602,-10.25,90,93,3.69,RU,1615124365,303
Tommot,58.9564,126.2925,9.7,91,100,3.49,RU,1615124365,304
Myaundzha,63.0494,147.1858,-32.87,78,59,2.77,RU,1615124365,305
Taltal,-25.4,-70.4833,70.61,66,15,5.75,CL,1615124365,306
North Vanlaiphai,23.1333,93.0667,56.79,64,7,0.54,IN,1615124365,307
Palauig,15.435,119.9045,78.96,73,0,3.78,PH,1615124365,308
Sioux Lookout,50.1001,-91.917,21.2,63,75,13.8,CA,1615124365,309
Mandera,3.9366,41.867,99.77,13,84,13.44,KE,1615124365,310
Sept-Îles,50.2001,-66.3821,21.29,63,0,13.8,CA,1615124247,311
Alihe,50.5667,123.7167,8.13,90,0,2.28,CN,1615124126,312
Penzance,50.1186,-5.5371,42.4,61,1,9.22,GB,1615124366,313
Cairns,-16.9167,145.7667,78.78,74,75,8.05,AU,1615124366,314
Monticello,45.3055,-93.7941,36.73,75,1,15.48,US,1615124366,315
Oneonta,42.4529,-75.0638,17.78,83,98,7.65,US,1615124366,316
Sitka,57.0531,-135.33,39.2,70,90,5.93,US,1615124366,317
Madarounfa,13.3087,7.156,98.6,2,0,13.8,NE,1615124366,318
Pop,40.8736,71.1089,52.03,56,32,3.65,UZ,1615124366,319
Empangeni,-28.762,31.8933,78.44,76,96,9.33,ZA,1615124367,320
Huarmey,-10.0681,-78.1522,76.39,66,66,7.07,PE,1615124367,321
Christchurch,-43.5333,172.6333,51.42,93,75,4.61,NZ,1615124120,322
San Isidro,-12.1167,-77.05,73.17,83,40,2.3,PE,1615124367,323
Hargeisa,9.56,44.065,75.09,24,0,15.82,SO,1615124367,324
Poum,-20.2333,164.0167,77.56,73,12,9.73,NC,1615124367,325
Vila Velha,-20.3297,-40.2925,80.92,83,40,5.75,BR,1615124368,326
Malinao,7.5917,124.6889,68.2,89,100,3.65,PH,1615124368,327
Atar,20.5169,-13.0499,78.8,13,0,20.71,MR,1615124368,328
Metro,-5.1131,105.3067,75.51,87,73,3.04,ID,1615124368,329
Japura,-0.3167,102.35,71.69,96,100,1.68,ID,1615124369,330
Salalah,17.0151,54.0924,84.2,58,0,4.61,OM,1615124369,331
Nokaneng,-19.6667,22.2667,87.64,30,46,9.37,BW,1615124369,332
Deputatsky,69.3,139.9,-21.15,86,100,8.97,RU,1615124369,333
Gainesville,29.6516,-82.3248,47.86,71,1,9.22,US,1615124165,334
Kamaishi,39.2667,141.8833,33.98,83,73,7.43,JP,1615124248,335
Were Īlu,10.6,39.4333,66.0,33,2,10.4,ET,1615124369,336
Tuy Hoa,13.0833,109.3,73.87,89,10,3.76,VN,1615124369,337
Louis Trichardt,-23.0439,29.9032,88.27,27,26,5.39,ZA,1615124370,338
Namatanai,-3.6667,152.4333,79.21,79,100,3.51,PG,1615124370,339
Bongaree,-27.0797,153.1586,75.99,65,75,14.97,AU,1615124370,340
Cap Malheureux,-19.9842,57.6142,82.99,77,100,10.0,MU,1615124370,341
Alyangula,-13.8483,136.4192,80.6,94,47,5.75,AU,1615124370,342
Tolaga Bay,-38.3667,178.3,60.03,62,0,12.62,NZ,1615124370,343
São João da Barra,-21.6403,-41.0511,78.8,83,75,9.22,BR,1615124371,344
Rusape,-18.5278,32.1284,75.2,48,0,9.91,ZW,1615124371,345
Lüderitz,-26.6481,15.1594,77.14,45,0,18.14,NA,1615124371,346
Jiangyou,31.7667,104.7167,52.29,85,100,6.31,CN,1615124371,347
Palimé,6.9,0.6333,94.55,44,100,2.75,TG,1615124371,348
Yermish',54.7678,42.2711,25.32,98,100,20.15,RU,1615124371,349
Saint-Pierre,-21.3393,55.4781,76.6,89,76,6.91,RE,1615124371,350
Ambilobe,-13.2,49.05,78.06,90,100,8.39,MG,1615124371,351
Magway,20.15,94.9167,79.54,26,9,5.86,MM,1615124372,352
Hondomachi-hondo,32.45,130.2,48.09,93,75,1.14,JP,1615124372,353
Sambava,-14.2667,50.1667,80.31,81,100,8.95,MG,1615124372,354
Tautira,-17.7333,-149.15,80.31,78,40,6.91,PF,1615124372,355
Strezhevoy,60.7333,77.5889,10.4,92,20,2.24,RU,1615124372,356
Ji’an,27.1172,114.9793,52.02,85,38,4.7,CN,1615124372,357
Dongying,37.4564,118.4856,36.86,69,0,5.79,CN,1615124372,358
Bonavista,48.6499,-53.1147,29.43,74,7,6.91,CA,1615124373,359
Phonhong,18.5007,102.4166,77.0,73,75,6.91,LA,1615124373,360
Portland,45.5234,-122.6762,40.23,81,90,12.66,US,1615124192,361
Konza,-1.7426,37.1294,82.4,36,40,9.22,KE,1615124373,362
Piła,53.1515,16.7378,37.99,78,100,8.01,PL,1615124373,363
Bilma,18.6853,12.9164,94.89,9,6,7.47,NE,1615124373,364
Stann Creek Town,16.9692,-88.2321,73.76,88,40,10.36,BZ,1615124373,365
Vanavara,60.34,102.2797,17.96,96,71,7.58,RU,1615124373,366
Kulhudhuffushi,6.6221,73.07,83.1,68,48,9.95,MV,1615124374,367
Sola,-13.8833,167.55,75.2,100,20,4.99,VU,1615124374,368
Aleppo Governorate,36.25,37.5,62.08,45,0,13.62,SY,1615124374,369
Boyolangu,-8.1181,111.8935,76.15,87,100,7.18,ID,1615124374,370
Saint-Louis,16.3333,-15.0,87.8,19,0,2.3,SN,1615124374,371
Ketchikan,55.3422,-131.6461,41.0,65,90,5.75,US,1615124375,372
Manakara,-22.1333,48.0167,81.14,73,1,11.92,MG,1615124375,373
Shar,49.5886,81.0453,18.63,93,100,9.22,KZ,1615124375,374
Prince Rupert,54.3161,-130.3201,43.36,52,90,6.4,CA,1615124375,375
Muttupet,10.4,79.4833,79.16,82,100,11.81,IN,1615124375,376
Lundamo,63.1333,10.3,34.68,77,96,4.0,NO,1615124375,377
Ribeira Brava,32.65,-17.0667,59.11,80,54,5.01,PT,1615124376,378
Cockburn Town,21.4612,-71.1419,78.78,78,0,6.49,TC,1615124376,379
Makat,47.6469,53.3463,28.2,90,92,13.06,KZ,1615124376,380
Vestmannaeyjar,63.4427,-20.2734,39.2,93,40,17.27,IS,1615124376,381
Mazatlán,23.2167,-106.4167,58.15,94,20,5.75,MX,1615124157,382
Kinkala,-4.3614,14.7644,87.8,55,20,4.61,CG,1615124376,383
Mahon,39.8885,4.2658,59.0,67,40,11.5,ES,1615124376,384
Yatou,37.15,122.3833,32.88,83,25,4.61,CN,1615124376,385
Merauke,-8.4667,140.3333,79.9,82,99,6.06,ID,1615124377,386
Khanbari,27.3747,87.2039,63.14,40,70,0.85,NP,1615124202,387
Hastings,50.8552,0.5729,42.06,50,23,3.0,GB,1615124377,388
Kalevala,65.2,31.1667,14.25,94,100,12.48,RU,1615124377,389
Udachny,66.4167,112.4,5.45,93,99,3.8,RU,1615124377,390
Murdochville,48.9583,-65.5006,21.2,68,0,23.02,CA,1615124377,391
Sitia,35.2,26.0986,64.99,61,4,11.7,GR,1615124377,392
Fare,-16.7,-151.0167,82.33,71,30,12.64,PF,1615124378,393
Dahuk,36.8695,42.994,57.7,51,1,4.18,IQ,1615124378,394
Ahipara,-35.1667,173.1667,64.78,65,92,12.19,NZ,1615124378,395
Muzaffarpur,26.1167,85.4,75.2,50,0,6.91,IN,1615124363,396
Pandan,14.0453,124.1694,77.95,84,30,12.44,PH,1615124378,397
Linköping,58.4109,15.6216,36.07,32,0,21.85,SE,1615124378,398
Bone,51.9669,12.1396,39.25,63,100,3.0,DE,1615124378,399
Provideniya,64.3833,-173.3,15.93,95,100,8.32,RU,1615124379,400
Mazyr,52.0495,29.2456,36.1,81,100,21.32,BY,1615124379,401
Shenjiamen,29.9576,122.298,51.13,88,97,7.81,CN,1615124283,402
Satuk,41.2263,32.3836,34.34,89,100,4.0,TR,1615124379,403
Narrabri,-30.3167,149.7833,69.4,64,75,13.24,AU,1615124379,404
Rancho Palos Verdes,33.7445,-118.387,52.5,87,100,3.0,US,1615124380,405
Gold Coast,-28.0,153.4333,75.72,65,40,14.97,AU,1615124380,406
Dalvik,65.9702,-18.5286,35.6,75,0,5.75,IS,1615124380,407
Tazmalt,36.3868,4.3989,67.77,44,25,7.29,DZ,1615124380,408
Altamira,-3.2033,-52.2064,80.6,83,90,5.75,BR,1615124380,409
Manaus,-3.1019,-60.025,81.48,83,75,3.44,BR,1615124381,410
Oranjemund,-28.55,16.4333,70.95,58,0,17.02,NA,1615124381,411
Pakse,15.1167,105.7833,89.6,48,40,2.3,LA,1615124381,412
Thai Binh,20.45,106.3333,73.4,73,75,6.91,VN,1615124381,413
Luganville,-15.5333,167.1667,76.37,84,100,2.84,VU,1615124381,414
Lethem,3.3803,-59.7968,80.6,83,40,13.8,GY,1615124381,415
Dhidhdhoo,6.8833,73.1,83.14,68,12,9.51,MV,1615124381,416
Oodweyne,9.4092,45.064,84.11,16,0,12.53,SO,1615124382,417
Havøysund,70.9963,24.6622,24.8,93,90,9.22,NO,1615124382,418
Pucallpa,-8.3791,-74.5539,78.8,83,75,5.75,PE,1615124382,419
Moose Factory,51.2585,-80.6094,-15.72,69,1,4.61,CA,1615124382,420
Jiwani,25.05,61.7417,75.79,59,0,16.89,PK,1615124382,421
Aden,12.7794,45.0367,79.72,61,67,6.35,YE,1615124293,422
Ţahţā,26.7693,31.5021,77.0,25,0,17.27,EG,1615124383,423
Kletskaya,49.3145,43.0584,30.99,72,100,11.99,RU,1615124383,424
Mayo,38.8876,-76.5119,32.77,51,1,10.36,US,1615124383,425
Hualmay,-11.0964,-77.6139,75.85,67,35,7.54,PE,1615124383,426
Daru,-9.0763,143.2092,78.53,82,58,2.44,PG,1615124383,427
Lompoc,34.6391,-120.4579,40.78,100,1,5.75,US,1615124383,428
Swan Hill,-35.3378,143.5544,73.06,41,100,7.78,AU,1615124384,429
Rantepao,-2.9701,119.8978,67.93,91,100,1.88,ID,1615124384,430
Dietikon,47.4016,8.4002,46.58,76,20,4.61,CH,1615124384,431
Gizo Government Station,-8.103,156.8419,82.02,75,100,8.34,SB,1615124384,432
Tibati,6.4667,12.6333,99.37,9,20,10.25,CM,1615124384,433
San Policarpo,12.1791,125.5072,79.66,80,100,14.41,PH,1615124384,434
Los Llanos de Aridane,28.6585,-17.9182,64.42,60,20,16.11,ES,1615124385,435
Camacha,33.0833,-16.3333,60.8,82,75,12.66,PT,1615124385,436
Trogir,43.5125,16.2517,51.06,50,0,12.66,HR,1615124385,437
Lourdes,43.1,-0.05,50.0,71,90,3.44,FR,1615124385,438
Kanye,-24.9667,25.3327,82.94,25,85,2.15,BW,1615124385,439
Nanortalik,60.1432,-45.2371,32.36,95,95,2.06,GL,1615124385,440
Khani,41.9563,42.9566,41.0,93,90,11.5,GE,1615124385,441
Alofi,-19.0595,-169.9187,78.8,89,100,3.44,NU,1615124385,442
Henties Bay,-22.116,14.2845,70.0,78,0,5.99,NA,1615124385,443
Paracatu,-17.2222,-46.8747,78.57,78,31,1.81,BR,1615124386,444
Bolama,11.5833,-15.4667,86.0,58,98,5.75,GW,1615124386,445
Senftenberg,51.5167,14.0167,37.99,65,100,5.99,DE,1615124252,446
Longyearbyen,78.2186,15.6401,1.4,66,20,13.8,SJ,1615124386,447
Whitehorse,60.7161,-135.0538,14.99,67,90,5.75,CA,1615124131,448
Panjāb,34.388,67.0233,25.56,87,0,1.3,AF,1615124386,449
Buala,-8.145,159.5921,79.74,77,100,5.14,SB,1615124386,450
Herne Bay,51.373,1.1286,41.86,61,37,5.66,GB,1615124387,451
Fortuna Foothills,32.6578,-114.4119,51.15,49,1,3.44,US,1615124387,452
Dobroye,52.8678,39.8109,28.0,79,100,23.09,RU,1615124387,453
Gravdal,68.1214,13.5031,30.2,80,75,8.05,NO,1615124387,454
Shahrud,36.4182,54.9763,49.12,46,1,11.56,IR,1615124387,455
Samarai,-10.6167,150.6667,80.71,74,99,6.04,PG,1615124387,456
Östersund,63.1792,14.6357,30.6,59,17,17.27,SE,1615124388,457
Takaka,-40.85,172.8,55.99,74,0,5.01,NZ,1615124388,458
Stornoway,58.2093,-6.3865,48.52,93,90,11.5,GB,1615124388,459
Lufilufi,-13.8745,-171.5986,75.2,100,20,3.44,WS,1615124388,460
Okakarara,-20.5833,17.4333,81.28,33,77,2.93,NA,1615124388,461
Thinadhoo,0.5333,72.9333,83.68,67,48,9.84,MV,1615124388,462
Champerico,14.3,-91.9167,71.6,83,0,4.7,GT,1615124388,463
Klyuchi,52.2667,79.1667,27.28,98,100,8.41,RU,1615124388,464
St. Pete Beach,27.7253,-82.7412,55.94,82,20,17.27,US,1615124388,465
Beihai,21.4833,109.1,70.43,83,83,13.67,CN,1615124342,466
Pānchgani,17.9167,73.8167,70.77,29,0,4.92,IN,1615124389,467
Nemuro,43.3236,145.575,26.17,88,4,10.27,JP,1615124389,468
Kruisfontein,-34.0033,24.7314,79.0,55,24,8.99,ZA,1615124389,469
Cruzeiro do Sul,-29.5128,-51.9853,79.47,54,0,3.56,BR,1615124389,470
Sterling,39.0062,-77.4286,30.25,69,1,4.61,US,1615124236,471
Boa Vista,2.8197,-60.6733,84.2,61,75,17.27,BR,1615124389,472
Kidal,18.4411,1.4078,100.27,8,6,9.93,ML,1615124389,473
Turan,16.0678,108.2208,77.0,88,40,3.44,VN,1615124101,474
Jiujiang,29.7333,115.9833,47.52,80,70,8.43,CN,1615124390,475
Codrington,-38.2667,141.9667,60.12,86,100,6.53,AU,1615124390,476
Westport,41.1415,-73.3579,28.71,50,40,3.44,US,1615124254,477
Edd,13.9297,41.6925,89.17,31,50,24.45,ER,1615124390,478
Gairo,39.8497,9.5047,59.32,72,75,4.61,IT,1615124390,479
Vallenar,-28.5708,-70.7581,75.22,47,0,4.99,CL,1615124391,480
Grand Gaube,-20.0064,57.6608,82.99,77,100,10.0,MU,1615124391,481
Mildura,-34.2,142.15,67.53,68,40,8.25,AU,1615124391,482
Oyo,7.85,3.9333,101.34,27,52,1.59,NG,1615124391,483
Saint-Augustin,51.226,-58.6502,24.04,96,92,11.54,CA,1615124391,484
Mīnāb,27.1467,57.0801,78.8,53,0,18.41,IR,1615124391,485
Emba,48.8264,58.1442,22.12,97,100,19.84,KZ,1615124392,486
Sonoita,31.85,-112.8333,52.0,33,31,1.95,MX,1615124392,487
Santa Barbara,34.7333,-120.0343,45.91,93,90,5.73,US,1615124337,488
Olafsvik,64.8945,-23.7142,39.87,85,96,9.4,IS,1615124392,489
Horadiz,39.4488,47.3353,50.0,62,40,37.98,AZ,1615124392,490
Wexford,52.3342,-6.4575,47.19,57,20,6.91,IE,1615124392,491
Kumul,42.8,93.45,43.63,57,0,2.89,CN,1615124393,492
Saint Anthony,45.0205,-93.218,36.59,65,1,14.97,US,1615124393,493
Jagalūr,14.5333,76.35,83.3,17,0,5.57,IN,1615124393,494
Sisimiut,66.9395,-53.6735,17.01,93,100,14.09,GL,1615124393,495
Tiarei,-17.5333,-149.3333,80.31,78,40,6.91,PF,1615124393,496
Fernández,-27.9204,-63.8935,85.08,34,0,8.01,AR,1615124394,497
Ayan,56.45,138.1667,-2.52,81,4,11.01,RU,1615124394,498
Tagusao,9.1924,117.8141,78.04,79,59,6.44,PH,1615124394,499
Half Moon Bay,37.4636,-122.4286,40.93,93,1,10.83,US,1615124256,500
Oxchuc,16.85,-92.4167,53.6,100,99,2.21,MX,1615124394,501
Bac Lieu,9.285,105.7244,77.13,82,70,12.75,VN,1615124394,502
Lata,40.1629,-8.3327,61.7,77,75,10.36,PT,1615124395,503
Havre-St-Pierre,50.2334,-63.5986,21.2,73,90,18.41,CA,1615124395,504
Bourail,-21.5667,165.4833,71.89,74,1,3.31,NC,1615124395,505
Revelstoke,50.9832,-118.2023,32.0,100,90,3.44,CA,1615124395,506
Pattani,6.75,100.4167,80.6,78,20,3.44,TH,1615124395,507
Butterworth,5.3991,100.3638,79.97,88,40,4.61,MY,1615124396,508
Sirte,31.2089,16.5887,65.64,59,0,12.21,LY,1615124396,509
Salmās,38.1973,44.7653,53.6,32,40,9.22,IR,1615124396,510
Novy Urengoy,66.0833,76.6333,-15.84,89,58,3.0,RU,1615124396,511
Olovyannaya,50.95,115.5667,8.71,93,0,4.83,RU,1615124396,512
Ondo,7.1,4.8333,97.93,33,55,4.03,NG,1615124397,513
Probolinggo,-7.7543,113.2159,80.6,89,75,6.91,ID,1615124167,514
Avera,33.194,-82.5271,38.32,81,1,5.75,US,1615124397,515
Rognan,67.0953,15.3878,30.96,81,87,5.97,NO,1615124397,516
Dostpur,26.2833,82.4667,76.14,19,0,2.3,IN,1615124397,517
Vestmanna,62.1564,-7.1664,42.8,100,75,6.91,FO,1615124397,518
Macamic,48.7502,-78.9996,-18.4,76,20,5.75,CA,1615124397,519
Maryborough,-25.5333,152.7,77.0,70,27,3.0,AU,1615124398,520
Ipixuna,-1.7625,-48.8043,84.2,74,40,9.22,BR,1615124398,521
Abnūb,27.2696,31.1511,77.0,25,0,17.27,EG,1615124398,522
Tegul'det,57.3064,88.1667,16.59,95,95,9.64,RU,1615124398,523
Agadez,19.75,10.25,92.53,10,100,6.42,NE,1615124398,524
Santa Cruz de la Sierra,-17.8,-63.1667,82.4,69,0,4.61,BO,1615124399,525
Burē,10.7,37.0667,84.07,16,47,5.37,ET,1615124399,526
Sakaiminato,35.55,133.2333,44.6,70,75,9.22,JP,1615124399,527
Labuhan,-6.8844,112.2051,79.14,82,100,9.86,ID,1615124399,528
Jambi City,-1.6,103.6167,72.66,93,100,1.34,ID,1615124399,529
Muros,42.7762,-9.0603,55.53,55,3,8.99,ES,1615124399,530
Juneau,58.3019,-134.4197,28.63,86,90,4.54,US,1615124400,531
Chanika,-5.4167,38.0167,82.76,57,40,9.01,TZ,1615124166,532
Acarí,-15.4311,-74.6158,77.76,62,99,4.88,PE,1615124400,533
Gdov,58.7406,27.8122,25.2,97,100,5.61,RU,1615124400,534
Djebeniana,35.035,10.9081,66.2,63,40,11.5,TN,1615124400,535
Yar-Sale,66.8333,70.8333,-19.19,87,71,6.82,RU,1615124400,536
Guerrero Negro,27.9769,-114.0611,56.46,86,41,14.05,MX,1615124401,537
Viedma,-40.8135,-62.9967,84.31,29,0,10.83,AR,1615124401,538
Yeppoon,-23.1333,150.7333,77.0,73,5,5.75,AU,1615124401,539
Fayaoué,-20.65,166.5333,77.81,75,0,15.57,NC,1615124401,540
Margate,51.3813,1.3862,42.13,50,43,8.01,GB,1615124401,541
Kiryat Gat,31.61,34.7642,63.93,49,0,3.0,IL,1615124402,542
Mazagão,-0.115,-51.2894,78.8,89,75,8.05,BR,1615124402,543
Maţāy,28.419,30.7792,79.63,16,0,17.47,EG,1615124402,544
Praia,14.9215,-23.5087,75.2,60,40,31.07,CV,1615124403,545
Singarāyakonda,15.25,80.0333,79.23,79,0,13.53,IN,1615124403,546
Železniki,46.2333,14.1667,44.33,5,0,1.01,SI,1615124404,547
Yei,4.095,30.6779,96.46,20,76,2.64,SS,1615124404,548
Haines Junction,60.7522,-137.5108,10.4,72,100,3.44,CA,1615124404,549
Chillicothe,39.3331,-82.9824,28.74,69,1,6.91,US,1615124334,550
Brixen,46.715,11.656,47.41,32,0,8.05,IT,1615124404,551
Black River,18.0264,-77.8487,81.1,65,20,1.14,JM,1615124404,552
Manggar,-2.8833,108.2667,78.26,84,85,12.21,ID,1615124404,553
Codajás,-3.8367,-62.0569,85.66,63,93,4.52,BR,1615124405,554
Port Lincoln,-34.7333,135.8667,61.93,85,6,13.11,AU,1615124405,555
Kupang,-10.1667,123.5833,79.97,82,3,3.87,ID,1615124405,556
Katsina,12.9894,7.6006,99.23,8,94,10.51,NG,1615124406,557
Lilongwe,-13.9669,33.7873,75.2,73,40,8.05,MW,1615124406,558
Wanning,18.8003,110.3967,72.84,92,1,3.33,CN,1615124406,559
Vanimo,-2.6741,141.3028,78.22,83,100,7.27,PG,1615124406,560
Ust'ye,59.6304,39.736,22.57,98,100,4.23,RU,1615124406,561
Araouane,18.9048,-3.5265,94.68,10,28,12.8,ML,1615124407,562
Eureka,40.8021,-124.1637,42.78,92,100,6.04,US,1615124121,563
Sierra Vista,31.5545,-110.3037,45.68,39,1,1.74,US,1615124296,564
Nortelândia,-14.4547,-56.8028,75.33,88,95,4.83,BR,1615124407,565
Doha,25.2867,51.5333,75.2,33,0,12.66,QA,1615124407,566
Gigmoto,13.7796,124.39,78.13,83,69,10.45,PH,1615124407,567
